<?xml version="1.0" encoding="UTF-8"?>
<spirit:component xmlns:xilinx="http://www.xilinx.com" xmlns:spirit="http://www.spiritconsortium.org/XMLSchema/SPIRIT/1685-2009" xmlns:xsi="http://www.w3.org/2001/XMLSchema-instance">
  <spirit:vendor>xilinx.com</spirit:vendor>
  <spirit:library>user</spirit:library>
  <spirit:name>mySimpleIO</spirit:name>
  <spirit:version>1.0</spirit:version>
  <spirit:busInterfaces>
    <spirit:busInterface>
      <spirit:name>S00_AXI</spirit:name>
      <spirit:busType spirit:vendor="xilinx.com" spirit:library="interface" spirit:name="aximm" spirit:version="1.0"/>
      <spirit:abstractionType spirit:vendor="xilinx.com" spirit:library="interface" spirit:name="aximm_rtl" spirit:version="1.0"/>
      <spirit:slave>
        <spirit:memoryMapRef spirit:memoryMapRef="S00_AXI"/>
      </spirit:slave>
      <spirit:portMaps>
        <spirit:portMap>
          <spirit:logicalPort>
            <spirit:name>AWADDR</spirit:name>
          </spirit:logicalPort>
          <spirit:physicalPort>
            <spirit:name>s00_axi_awaddr</spirit:name>
          </spirit:physicalPort>
        </spirit:portMap>
        <spirit:portMap>
          <spirit:logicalPort>
            <spirit:name>AWPROT</spirit:name>
          </spirit:logicalPort>
          <spirit:physicalPort>
            <spirit:name>s00_axi_awprot</spirit:name>
          </spirit:physicalPort>
        </spirit:portMap>
        <spirit:portMap>
          <spirit:logicalPort>
            <spirit:name>AWVALID</spirit:name>
          </spirit:logicalPort>
          <spirit:physicalPort>
            <spirit:name>s00_axi_awvalid</spirit:name>
          </spirit:physicalPort>
        </spirit:portMap>
        <spirit:portMap>
          <spirit:logicalPort>
            <spirit:name>AWREADY</spirit:name>
          </spirit:logicalPort>
          <spirit:physicalPort>
            <spirit:name>s00_axi_awready</spirit:name>
          </spirit:physicalPort>
        </spirit:portMap>
        <spirit:portMap>
          <spirit:logicalPort>
            <spirit:name>WDATA</spirit:name>
          </spirit:logicalPort>
          <spirit:physicalPort>
            <spirit:name>s00_axi_wdata</spirit:name>
          </spirit:physicalPort>
        </spirit:portMap>
        <spirit:portMap>
          <spirit:logicalPort>
            <spirit:name>WSTRB</spirit:name>
          </spirit:logicalPort>
          <spirit:physicalPort>
            <spirit:name>s00_axi_wstrb</spirit:name>
          </spirit:physicalPort>
        </spirit:portMap>
        <spirit:portMap>
          <spirit:logicalPort>
            <spirit:name>WVALID</spirit:name>
          </spirit:logicalPort>
          <spirit:physicalPort>
            <spirit:name>s00_axi_wvalid</spirit:name>
          </spirit:physicalPort>
        </spirit:portMap>
        <spirit:portMap>
          <spirit:logicalPort>
            <spirit:name>WREADY</spirit:name>
          </spirit:logicalPort>
          <spirit:physicalPort>
            <spirit:name>s00_axi_wready</spirit:name>
          </spirit:physicalPort>
        </spirit:portMap>
        <spirit:portMap>
          <spirit:logicalPort>
            <spirit:name>BRESP</spirit:name>
          </spirit:logicalPort>
          <spirit:physicalPort>
            <spirit:name>s00_axi_bresp</spirit:name>
          </spirit:physicalPort>
        </spirit:portMap>
        <spirit:portMap>
          <spirit:logicalPort>
            <spirit:name>BVALID</spirit:name>
          </spirit:logicalPort>
          <spirit:physicalPort>
            <spirit:name>s00_axi_bvalid</spirit:name>
          </spirit:physicalPort>
        </spirit:portMap>
        <spirit:portMap>
          <spirit:logicalPort>
            <spirit:name>BREADY</spirit:name>
          </spirit:logicalPort>
          <spirit:physicalPort>
            <spirit:name>s00_axi_bready</spirit:name>
          </spirit:physicalPort>
        </spirit:portMap>
        <spirit:portMap>
          <spirit:logicalPort>
            <spirit:name>ARADDR</spirit:name>
          </spirit:logicalPort>
          <spirit:physicalPort>
            <spirit:name>s00_axi_araddr</spirit:name>
          </spirit:physicalPort>
        </spirit:portMap>
        <spirit:portMap>
          <spirit:logicalPort>
            <spirit:name>ARPROT</spirit:name>
          </spirit:logicalPort>
          <spirit:physicalPort>
            <spirit:name>s00_axi_arprot</spirit:name>
          </spirit:physicalPort>
        </spirit:portMap>
        <spirit:portMap>
          <spirit:logicalPort>
            <spirit:name>ARVALID</spirit:name>
          </spirit:logicalPort>
          <spirit:physicalPort>
            <spirit:name>s00_axi_arvalid</spirit:name>
          </spirit:physicalPort>
        </spirit:portMap>
        <spirit:portMap>
          <spirit:logicalPort>
            <spirit:name>ARREADY</spirit:name>
          </spirit:logicalPort>
          <spirit:physicalPort>
            <spirit:name>s00_axi_arready</spirit:name>
          </spirit:physicalPort>
        </spirit:portMap>
        <spirit:portMap>
          <spirit:logicalPort>
            <spirit:name>RDATA</spirit:name>
          </spirit:logicalPort>
          <spirit:physicalPort>
            <spirit:name>s00_axi_rdata</spirit:name>
          </spirit:physicalPort>
        </spirit:portMap>
        <spirit:portMap>
          <spirit:logicalPort>
            <spirit:name>RRESP</spirit:name>
          </spirit:logicalPort>
          <spirit:physicalPort>
            <spirit:name>s00_axi_rresp</spirit:name>
          </spirit:physicalPort>
        </spirit:portMap>
        <spirit:portMap>
          <spirit:logicalPort>
            <spirit:name>RVALID</spirit:name>
          </spirit:logicalPort>
          <spirit:physicalPort>
            <spirit:name>s00_axi_rvalid</spirit:name>
          </spirit:physicalPort>
        </spirit:portMap>
        <spirit:portMap>
          <spirit:logicalPort>
            <spirit:name>RREADY</spirit:name>
          </spirit:logicalPort>
          <spirit:physicalPort>
            <spirit:name>s00_axi_rready</spirit:name>
          </spirit:physicalPort>
        </spirit:portMap>
      </spirit:portMaps>
      <spirit:parameters>
        <spirit:parameter>
          <spirit:name>WIZ_DATA_WIDTH</spirit:name>
          <spirit:value spirit:format="long" spirit:id="BUSIFPARAM_VALUE.S00_AXI.WIZ_DATA_WIDTH" spirit:choiceRef="choice_list_6fc15197">32</spirit:value>
        </spirit:parameter>
        <spirit:parameter>
          <spirit:name>WIZ_NUM_REG</spirit:name>
          <spirit:value spirit:format="long" spirit:id="BUSIFPARAM_VALUE.S00_AXI.WIZ_NUM_REG" spirit:minimum="4" spirit:maximum="512" spirit:rangeType="long">4</spirit:value>
        </spirit:parameter>
        <spirit:parameter>
          <spirit:name>SUPPORTS_NARROW_BURST</spirit:name>
          <spirit:value spirit:format="long" spirit:id="BUSIFPARAM_VALUE.S00_AXI.SUPPORTS_NARROW_BURST" spirit:choiceRef="choice_pairs_ce1226b1">0</spirit:value>
        </spirit:parameter>
      </spirit:parameters>
    </spirit:busInterface>
    <spirit:busInterface>
      <spirit:name>S00_AXI_RST</spirit:name>
      <spirit:busType spirit:vendor="xilinx.com" spirit:library="signal" spirit:name="reset" spirit:version="1.0"/>
      <spirit:abstractionType spirit:vendor="xilinx.com" spirit:library="signal" spirit:name="reset_rtl" spirit:version="1.0"/>
      <spirit:slave/>
      <spirit:portMaps>
        <spirit:portMap>
          <spirit:logicalPort>
            <spirit:name>RST</spirit:name>
          </spirit:logicalPort>
          <spirit:physicalPort>
            <spirit:name>s00_axi_aresetn</spirit:name>
          </spirit:physicalPort>
        </spirit:portMap>
      </spirit:portMaps>
      <spirit:parameters>
        <spirit:parameter>
          <spirit:name>POLARITY</spirit:name>
          <spirit:value spirit:id="BUSIFPARAM_VALUE.S00_AXI_RST.POLARITY" spirit:choiceRef="choice_list_9d8b0d81">ACTIVE_LOW</spirit:value>
        </spirit:parameter>
      </spirit:parameters>
    </spirit:busInterface>
    <spirit:busInterface>
      <spirit:name>S00_AXI_CLK</spirit:name>
      <spirit:busType spirit:vendor="xilinx.com" spirit:library="signal" spirit:name="clock" spirit:version="1.0"/>
      <spirit:abstractionType spirit:vendor="xilinx.com" spirit:library="signal" spirit:name="clock_rtl" spirit:version="1.0"/>
      <spirit:slave/>
      <spirit:portMaps>
        <spirit:portMap>
          <spirit:logicalPort>
            <spirit:name>CLK</spirit:name>
          </spirit:logicalPort>
          <spirit:physicalPort>
            <spirit:name>s00_axi_aclk</spirit:name>
          </spirit:physicalPort>
        </spirit:portMap>
      </spirit:portMaps>
      <spirit:parameters>
        <spirit:parameter>
          <spirit:name>ASSOCIATED_BUSIF</spirit:name>
          <spirit:value spirit:id="BUSIFPARAM_VALUE.S00_AXI_CLK.ASSOCIATED_BUSIF">S00_AXI</spirit:value>
        </spirit:parameter>
        <spirit:parameter>
          <spirit:name>ASSOCIATED_RESET</spirit:name>
          <spirit:value spirit:id="BUSIFPARAM_VALUE.S00_AXI_CLK.ASSOCIATED_RESET">s00_axi_aresetn</spirit:value>
        </spirit:parameter>
      </spirit:parameters>
    </spirit:busInterface>
  </spirit:busInterfaces>
  <spirit:memoryMaps>
    <spirit:memoryMap>
      <spirit:name>S00_AXI</spirit:name>
      <spirit:addressBlock>
        <spirit:name>S00_AXI_reg</spirit:name>
        <spirit:baseAddress spirit:format="long" spirit:resolve="user">0</spirit:baseAddress>
        <spirit:range spirit:format="long">4096</spirit:range>
        <spirit:width spirit:format="long">32</spirit:width>
        <spirit:usage>register</spirit:usage>
        <spirit:parameters>
          <spirit:parameter>
            <spirit:name>OFFSET_BASE_PARAM</spirit:name>
            <spirit:value spirit:id="ADDRBLOCKPARAM_VALUE.S00_AXI.S00_AXI_REG.OFFSET_BASE_PARAM">C_S00_AXI_BASEADDR</spirit:value>
          </spirit:parameter>
          <spirit:parameter>
            <spirit:name>OFFSET_HIGH_PARAM</spirit:name>
            <spirit:value spirit:id="ADDRBLOCKPARAM_VALUE.S00_AXI.S00_AXI_REG.OFFSET_HIGH_PARAM">C_S00_AXI_HIGHADDR</spirit:value>
          </spirit:parameter>
        </spirit:parameters>
      </spirit:addressBlock>
    </spirit:memoryMap>
  </spirit:memoryMaps>
  <spirit:model>
    <spirit:views>
      <spirit:view>
        <spirit:name>xilinx_verilogsynthesis</spirit:name>
        <spirit:displayName>Verilog Synthesis</spirit:displayName>
        <spirit:envIdentifier>verilogSource:vivado.xilinx.com:synthesis</spirit:envIdentifier>
        <spirit:language>verilog</spirit:language>
        <spirit:modelName>mySimpleIO_v1_0</spirit:modelName>
        <spirit:fileSetRef>
          <spirit:localName>xilinx_verilogsynthesis_view_fileset</spirit:localName>
        </spirit:fileSetRef>
        <spirit:parameters>
          <spirit:parameter>
            <spirit:name>viewChecksum</spirit:name>
            <spirit:value>b9747a6b</spirit:value>
          </spirit:parameter>
        </spirit:parameters>
      </spirit:view>
      <spirit:view>
        <spirit:name>xilinx_verilogbehavioralsimulation</spirit:name>
        <spirit:displayName>Verilog Simulation</spirit:displayName>
        <spirit:envIdentifier>verilogSource:vivado.xilinx.com:simulation</spirit:envIdentifier>
        <spirit:language>verilog</spirit:language>
        <spirit:modelName>mySimpleIO_v1_0</spirit:modelName>
        <spirit:fileSetRef>
          <spirit:localName>xilinx_verilogbehavioralsimulation_view_fileset</spirit:localName>
        </spirit:fileSetRef>
        <spirit:parameters>
          <spirit:parameter>
            <spirit:name>viewChecksum</spirit:name>
            <spirit:value>b9747a6b</spirit:value>
          </spirit:parameter>
        </spirit:parameters>
      </spirit:view>
      <spirit:view>
        <spirit:name>xilinx_softwaredriver</spirit:name>
        <spirit:displayName>Software Driver</spirit:displayName>
        <spirit:envIdentifier>:vivado.xilinx.com:sw.driver</spirit:envIdentifier>
        <spirit:fileSetRef>
          <spirit:localName>xilinx_softwaredriver_view_fileset</spirit:localName>
        </spirit:fileSetRef>
        <spirit:parameters>
          <spirit:parameter>
            <spirit:name>viewChecksum</spirit:name>
            <spirit:value>ce4386db</spirit:value>
          </spirit:parameter>
        </spirit:parameters>
      </spirit:view>
      <spirit:view>
        <spirit:name>xilinx_xpgui</spirit:name>
        <spirit:displayName>UI Layout</spirit:displayName>
        <spirit:envIdentifier>:vivado.xilinx.com:xgui.ui</spirit:envIdentifier>
        <spirit:fileSetRef>
          <spirit:localName>xilinx_xpgui_view_fileset</spirit:localName>
        </spirit:fileSetRef>
        <spirit:parameters>
          <spirit:parameter>
            <spirit:name>viewChecksum</spirit:name>
            <spirit:value>dda4df14</spirit:value>
          </spirit:parameter>
        </spirit:parameters>
      </spirit:view>
      <spirit:view>
        <spirit:name>bd_tcl</spirit:name>
        <spirit:displayName>Block Diagram</spirit:displayName>
        <spirit:envIdentifier>:vivado.xilinx.com:block.diagram</spirit:envIdentifier>
        <spirit:fileSetRef>
          <spirit:localName>bd_tcl_view_fileset</spirit:localName>
        </spirit:fileSetRef>
        <spirit:parameters>
          <spirit:parameter>
            <spirit:name>viewChecksum</spirit:name>
            <spirit:value>16328387</spirit:value>
          </spirit:parameter>
        </spirit:parameters>
      </spirit:view>
    </spirit:views>
    <spirit:ports>
      <spirit:port>
        <spirit:name>s00_axi_awaddr</spirit:name>
        <spirit:wire>
          <spirit:direction>in</spirit:direction>
          <spirit:vector>
            <spirit:left spirit:format="long" spirit:resolve="dependent" spirit:dependency="(spirit:decode(id(&apos;MODELPARAM_VALUE.C_S00_AXI_ADDR_WIDTH&apos;)) - 1)">3</spirit:left>
            <spirit:right spirit:format="long">0</spirit:right>
          </spirit:vector>
          <spirit:wireTypeDefs>
            <spirit:wireTypeDef>
              <spirit:typeName>wire</spirit:typeName>
              <spirit:viewNameRef>xilinx_verilogsynthesis</spirit:viewNameRef>
              <spirit:viewNameRef>xilinx_verilogbehavioralsimulation</spirit:viewNameRef>
            </spirit:wireTypeDef>
          </spirit:wireTypeDefs>
        </spirit:wire>
      </spirit:port>
      <spirit:port>
        <spirit:name>s00_axi_awprot</spirit:name>
        <spirit:wire>
          <spirit:direction>in</spirit:direction>
          <spirit:vector>
            <spirit:left spirit:format="long">2</spirit:left>
            <spirit:right spirit:format="long">0</spirit:right>
          </spirit:vector>
          <spirit:wireTypeDefs>
            <spirit:wireTypeDef>
              <spirit:typeName>wire</spirit:typeName>
              <spirit:viewNameRef>xilinx_verilogsynthesis</spirit:viewNameRef>
              <spirit:viewNameRef>xilinx_verilogbehavioralsimulation</spirit:viewNameRef>
            </spirit:wireTypeDef>
          </spirit:wireTypeDefs>
        </spirit:wire>
      </spirit:port>
      <spirit:port>
        <spirit:name>s00_axi_awvalid</spirit:name>
        <spirit:wire>
          <spirit:direction>in</spirit:direction>
          <spirit:wireTypeDefs>
            <spirit:wireTypeDef>
              <spirit:typeName>wire</spirit:typeName>
              <spirit:viewNameRef>xilinx_verilogsynthesis</spirit:viewNameRef>
              <spirit:viewNameRef>xilinx_verilogbehavioralsimulation</spirit:viewNameRef>
            </spirit:wireTypeDef>
          </spirit:wireTypeDefs>
        </spirit:wire>
      </spirit:port>
      <spirit:port>
        <spirit:name>s00_axi_awready</spirit:name>
        <spirit:wire>
          <spirit:direction>out</spirit:direction>
          <spirit:wireTypeDefs>
            <spirit:wireTypeDef>
              <spirit:typeName>wire</spirit:typeName>
              <spirit:viewNameRef>xilinx_verilogsynthesis</spirit:viewNameRef>
              <spirit:viewNameRef>xilinx_verilogbehavioralsimulation</spirit:viewNameRef>
            </spirit:wireTypeDef>
          </spirit:wireTypeDefs>
        </spirit:wire>
      </spirit:port>
      <spirit:port>
        <spirit:name>s00_axi_wdata</spirit:name>
        <spirit:wire>
          <spirit:direction>in</spirit:direction>
          <spirit:vector>
            <spirit:left spirit:format="long" spirit:resolve="dependent" spirit:dependency="(spirit:decode(id(&apos;MODELPARAM_VALUE.C_S00_AXI_DATA_WIDTH&apos;)) - 1)">31</spirit:left>
            <spirit:right spirit:format="long">0</spirit:right>
          </spirit:vector>
          <spirit:wireTypeDefs>
            <spirit:wireTypeDef>
              <spirit:typeName>wire</spirit:typeName>
              <spirit:viewNameRef>xilinx_verilogsynthesis</spirit:viewNameRef>
              <spirit:viewNameRef>xilinx_verilogbehavioralsimulation</spirit:viewNameRef>
            </spirit:wireTypeDef>
          </spirit:wireTypeDefs>
        </spirit:wire>
      </spirit:port>
      <spirit:port>
        <spirit:name>s00_axi_wstrb</spirit:name>
        <spirit:wire>
          <spirit:direction>in</spirit:direction>
          <spirit:vector>
            <spirit:left spirit:format="long" spirit:resolve="dependent" spirit:dependency="((spirit:decode(id(&apos;MODELPARAM_VALUE.C_S00_AXI_DATA_WIDTH&apos;)) / 8) - 1)">3</spirit:left>
            <spirit:right spirit:format="long">0</spirit:right>
          </spirit:vector>
          <spirit:wireTypeDefs>
            <spirit:wireTypeDef>
              <spirit:typeName>wire</spirit:typeName>
              <spirit:viewNameRef>xilinx_verilogsynthesis</spirit:viewNameRef>
              <spirit:viewNameRef>xilinx_verilogbehavioralsimulation</spirit:viewNameRef>
            </spirit:wireTypeDef>
          </spirit:wireTypeDefs>
        </spirit:wire>
      </spirit:port>
      <spirit:port>
        <spirit:name>s00_axi_wvalid</spirit:name>
        <spirit:wire>
          <spirit:direction>in</spirit:direction>
          <spirit:wireTypeDefs>
            <spirit:wireTypeDef>
              <spirit:typeName>wire</spirit:typeName>
              <spirit:viewNameRef>xilinx_verilogsynthesis</spirit:viewNameRef>
              <spirit:viewNameRef>xilinx_verilogbehavioralsimulation</spirit:viewNameRef>
            </spirit:wireTypeDef>
          </spirit:wireTypeDefs>
        </spirit:wire>
      </spirit:port>
      <spirit:port>
        <spirit:name>s00_axi_wready</spirit:name>
        <spirit:wire>
          <spirit:direction>out</spirit:direction>
          <spirit:wireTypeDefs>
            <spirit:wireTypeDef>
              <spirit:typeName>wire</spirit:typeName>
              <spirit:viewNameRef>xilinx_verilogsynthesis</spirit:viewNameRef>
              <spirit:viewNameRef>xilinx_verilogbehavioralsimulation</spirit:viewNameRef>
            </spirit:wireTypeDef>
          </spirit:wireTypeDefs>
        </spirit:wire>
      </spirit:port>
      <spirit:port>
        <spirit:name>s00_axi_bresp</spirit:name>
        <spirit:wire>
          <spirit:direction>out</spirit:direction>
          <spirit:vector>
            <spirit:left spirit:format="long">1</spirit:left>
            <spirit:right spirit:format="long">0</spirit:right>
          </spirit:vector>
          <spirit:wireTypeDefs>
            <spirit:wireTypeDef>
              <spirit:typeName>wire</spirit:typeName>
              <spirit:viewNameRef>xilinx_verilogsynthesis</spirit:viewNameRef>
              <spirit:viewNameRef>xilinx_verilogbehavioralsimulation</spirit:viewNameRef>
            </spirit:wireTypeDef>
          </spirit:wireTypeDefs>
        </spirit:wire>
      </spirit:port>
      <spirit:port>
        <spirit:name>s00_axi_bvalid</spirit:name>
        <spirit:wire>
          <spirit:direction>out</spirit:direction>
          <spirit:wireTypeDefs>
            <spirit:wireTypeDef>
              <spirit:typeName>wire</spirit:typeName>
              <spirit:viewNameRef>xilinx_verilogsynthesis</spirit:viewNameRef>
              <spirit:viewNameRef>xilinx_verilogbehavioralsimulation</spirit:viewNameRef>
            </spirit:wireTypeDef>
          </spirit:wireTypeDefs>
        </spirit:wire>
      </spirit:port>
      <spirit:port>
        <spirit:name>s00_axi_bready</spirit:name>
        <spirit:wire>
          <spirit:direction>in</spirit:direction>
          <spirit:wireTypeDefs>
            <spirit:wireTypeDef>
              <spirit:typeName>wire</spirit:typeName>
              <spirit:viewNameRef>xilinx_verilogsynthesis</spirit:viewNameRef>
              <spirit:viewNameRef>xilinx_verilogbehavioralsimulation</spirit:viewNameRef>
            </spirit:wireTypeDef>
          </spirit:wireTypeDefs>
        </spirit:wire>
      </spirit:port>
      <spirit:port>
        <spirit:name>s00_axi_araddr</spirit:name>
        <spirit:wire>
          <spirit:direction>in</spirit:direction>
          <spirit:vector>
            <spirit:left spirit:format="long" spirit:resolve="dependent" spirit:dependency="(spirit:decode(id(&apos;MODELPARAM_VALUE.C_S00_AXI_ADDR_WIDTH&apos;)) - 1)">3</spirit:left>
            <spirit:right spirit:format="long">0</spirit:right>
          </spirit:vector>
          <spirit:wireTypeDefs>
            <spirit:wireTypeDef>
              <spirit:typeName>wire</spirit:typeName>
              <spirit:viewNameRef>xilinx_verilogsynthesis</spirit:viewNameRef>
              <spirit:viewNameRef>xilinx_verilogbehavioralsimulation</spirit:viewNameRef>
            </spirit:wireTypeDef>
          </spirit:wireTypeDefs>
        </spirit:wire>
      </spirit:port>
      <spirit:port>
        <spirit:name>s00_axi_arprot</spirit:name>
        <spirit:wire>
          <spirit:direction>in</spirit:direction>
          <spirit:vector>
            <spirit:left spirit:format="long">2</spirit:left>
            <spirit:right spirit:format="long">0</spirit:right>
          </spirit:vector>
          <spirit:wireTypeDefs>
            <spirit:wireTypeDef>
              <spirit:typeName>wire</spirit:typeName>
              <spirit:viewNameRef>xilinx_verilogsynthesis</spirit:viewNameRef>
              <spirit:viewNameRef>xilinx_verilogbehavioralsimulation</spirit:viewNameRef>
            </spirit:wireTypeDef>
          </spirit:wireTypeDefs>
        </spirit:wire>
      </spirit:port>
      <spirit:port>
        <spirit:name>s00_axi_arvalid</spirit:name>
        <spirit:wire>
          <spirit:direction>in</spirit:direction>
          <spirit:wireTypeDefs>
            <spirit:wireTypeDef>
              <spirit:typeName>wire</spirit:typeName>
              <spirit:viewNameRef>xilinx_verilogsynthesis</spirit:viewNameRef>
              <spirit:viewNameRef>xilinx_verilogbehavioralsimulation</spirit:viewNameRef>
            </spirit:wireTypeDef>
          </spirit:wireTypeDefs>
        </spirit:wire>
      </spirit:port>
      <spirit:port>
        <spirit:name>s00_axi_arready</spirit:name>
        <spirit:wire>
          <spirit:direction>out</spirit:direction>
          <spirit:wireTypeDefs>
            <spirit:wireTypeDef>
              <spirit:typeName>wire</spirit:typeName>
              <spirit:viewNameRef>xilinx_verilogsynthesis</spirit:viewNameRef>
              <spirit:viewNameRef>xilinx_verilogbehavioralsimulation</spirit:viewNameRef>
            </spirit:wireTypeDef>
          </spirit:wireTypeDefs>
        </spirit:wire>
      </spirit:port>
      <spirit:port>
        <spirit:name>s00_axi_rdata</spirit:name>
        <spirit:wire>
          <spirit:direction>out</spirit:direction>
          <spirit:vector>
            <spirit:left spirit:format="long" spirit:resolve="dependent" spirit:dependency="(spirit:decode(id(&apos;MODELPARAM_VALUE.C_S00_AXI_DATA_WIDTH&apos;)) - 1)">31</spirit:left>
            <spirit:right spirit:format="long">0</spirit:right>
          </spirit:vector>
          <spirit:wireTypeDefs>
            <spirit:wireTypeDef>
              <spirit:typeName>wire</spirit:typeName>
              <spirit:viewNameRef>xilinx_verilogsynthesis</spirit:viewNameRef>
              <spirit:viewNameRef>xilinx_verilogbehavioralsimulation</spirit:viewNameRef>
            </spirit:wireTypeDef>
          </spirit:wireTypeDefs>
        </spirit:wire>
      </spirit:port>
      <spirit:port>
        <spirit:name>s00_axi_rresp</spirit:name>
        <spirit:wire>
          <spirit:direction>out</spirit:direction>
          <spirit:vector>
            <spirit:left spirit:format="long">1</spirit:left>
            <spirit:right spirit:format="long">0</spirit:right>
          </spirit:vector>
          <spirit:wireTypeDefs>
            <spirit:wireTypeDef>
              <spirit:typeName>wire</spirit:typeName>
              <spirit:viewNameRef>xilinx_verilogsynthesis</spirit:viewNameRef>
              <spirit:viewNameRef>xilinx_verilogbehavioralsimulation</spirit:viewNameRef>
            </spirit:wireTypeDef>
          </spirit:wireTypeDefs>
        </spirit:wire>
      </spirit:port>
      <spirit:port>
        <spirit:name>s00_axi_rvalid</spirit:name>
        <spirit:wire>
          <spirit:direction>out</spirit:direction>
          <spirit:wireTypeDefs>
            <spirit:wireTypeDef>
              <spirit:typeName>wire</spirit:typeName>
              <spirit:viewNameRef>xilinx_verilogsynthesis</spirit:viewNameRef>
              <spirit:viewNameRef>xilinx_verilogbehavioralsimulation</spirit:viewNameRef>
            </spirit:wireTypeDef>
          </spirit:wireTypeDefs>
        </spirit:wire>
      </spirit:port>
      <spirit:port>
        <spirit:name>s00_axi_rready</spirit:name>
        <spirit:wire>
          <spirit:direction>in</spirit:direction>
          <spirit:wireTypeDefs>
            <spirit:wireTypeDef>
              <spirit:typeName>wire</spirit:typeName>
              <spirit:viewNameRef>xilinx_verilogsynthesis</spirit:viewNameRef>
              <spirit:viewNameRef>xilinx_verilogbehavioralsimulation</spirit:viewNameRef>
            </spirit:wireTypeDef>
          </spirit:wireTypeDefs>
        </spirit:wire>
      </spirit:port>
      <spirit:port>
        <spirit:name>oLED</spirit:name>
        <spirit:wire>
          <spirit:direction>out</spirit:direction>
          <spirit:vector>
            <spirit:left spirit:format="long">3</spirit:left>
            <spirit:right spirit:format="long">0</spirit:right>
          </spirit:vector>
          <spirit:wireTypeDefs>
            <spirit:wireTypeDef>
              <spirit:typeName>std_logic_vector</spirit:typeName>
              <spirit:viewNameRef>xilinx_verilogsynthesis</spirit:viewNameRef>
              <spirit:viewNameRef>xilinx_verilogbehavioralsimulation</spirit:viewNameRef>
            </spirit:wireTypeDef>
          </spirit:wireTypeDefs>
        </spirit:wire>
      </spirit:port>
      <spirit:port>
        <spirit:name>iBtnSW</spirit:name>
        <spirit:wire>
          <spirit:direction>in</spirit:direction>
          <spirit:vector>
            <spirit:left spirit:format="long">3</spirit:left>
            <spirit:right spirit:format="long">0</spirit:right>
          </spirit:vector>
          <spirit:wireTypeDefs>
            <spirit:wireTypeDef>
              <spirit:typeName>std_logic_vector</spirit:typeName>
              <spirit:viewNameRef>xilinx_verilogsynthesis</spirit:viewNameRef>
              <spirit:viewNameRef>xilinx_verilogbehavioralsimulation</spirit:viewNameRef>
            </spirit:wireTypeDef>
          </spirit:wireTypeDefs>
        </spirit:wire>
      </spirit:port>
      <spirit:port>
        <spirit:name>iSW</spirit:name>
        <spirit:wire>
          <spirit:direction>in</spirit:direction>
          <spirit:vector>
            <spirit:left spirit:format="long">3</spirit:left>
            <spirit:right spirit:format="long">0</spirit:right>
          </spirit:vector>
          <spirit:wireTypeDefs>
            <spirit:wireTypeDef>
              <spirit:typeName>std_logic_vector</spirit:typeName>
              <spirit:viewNameRef>xilinx_verilogsynthesis</spirit:viewNameRef>
              <spirit:viewNameRef>xilinx_verilogbehavioralsimulation</spirit:viewNameRef>
            </spirit:wireTypeDef>
          </spirit:wireTypeDefs>
        </spirit:wire>
      </spirit:port>
      <spirit:port>
        <spirit:name>oRGB</spirit:name>
        <spirit:wire>
          <spirit:direction>out</spirit:direction>
          <spirit:vector>
            <spirit:left spirit:format="long">5</spirit:left>
            <spirit:right spirit:format="long">0</spirit:right>
          </spirit:vector>
          <spirit:wireTypeDefs>
            <spirit:wireTypeDef>
              <spirit:typeName>std_logic_vector</spirit:typeName>
              <spirit:viewNameRef>xilinx_verilogsynthesis</spirit:viewNameRef>
              <spirit:viewNameRef>xilinx_verilogbehavioralsimulation</spirit:viewNameRef>
            </spirit:wireTypeDef>
          </spirit:wireTypeDefs>
        </spirit:wire>
      </spirit:port>
      <spirit:port>
        <spirit:name>s00_axi_aclk</spirit:name>
        <spirit:wire>
          <spirit:direction>in</spirit:direction>
          <spirit:wireTypeDefs>
            <spirit:wireTypeDef>
              <spirit:typeName>wire</spirit:typeName>
              <spirit:viewNameRef>xilinx_verilogsynthesis</spirit:viewNameRef>
              <spirit:viewNameRef>xilinx_verilogbehavioralsimulation</spirit:viewNameRef>
            </spirit:wireTypeDef>
          </spirit:wireTypeDefs>
        </spirit:wire>
      </spirit:port>
      <spirit:port>
        <spirit:name>s00_axi_aresetn</spirit:name>
        <spirit:wire>
          <spirit:direction>in</spirit:direction>
          <spirit:wireTypeDefs>
            <spirit:wireTypeDef>
              <spirit:typeName>wire</spirit:typeName>
              <spirit:viewNameRef>xilinx_verilogsynthesis</spirit:viewNameRef>
              <spirit:viewNameRef>xilinx_verilogbehavioralsimulation</spirit:viewNameRef>
            </spirit:wireTypeDef>
          </spirit:wireTypeDefs>
        </spirit:wire>
      </spirit:port>
    </spirit:ports>
    <spirit:modelParameters>
      <spirit:modelParameter xsi:type="spirit:nameValueTypeType" spirit:dataType="integer">
        <spirit:name>C_S00_AXI_DATA_WIDTH</spirit:name>
        <spirit:displayName>C S00 AXI DATA WIDTH</spirit:displayName>
        <spirit:description>Width of S_AXI data bus</spirit:description>
        <spirit:value spirit:format="long" spirit:resolve="generated" spirit:id="MODELPARAM_VALUE.C_S00_AXI_DATA_WIDTH" spirit:order="3" spirit:rangeType="long">32</spirit:value>
      </spirit:modelParameter>
      <spirit:modelParameter spirit:dataType="integer">
        <spirit:name>C_S00_AXI_ADDR_WIDTH</spirit:name>
        <spirit:displayName>C S00 AXI ADDR WIDTH</spirit:displayName>
        <spirit:description>Width of S_AXI address bus</spirit:description>
        <spirit:value spirit:format="long" spirit:resolve="generated" spirit:id="MODELPARAM_VALUE.C_S00_AXI_ADDR_WIDTH" spirit:order="4" spirit:rangeType="long">4</spirit:value>
      </spirit:modelParameter>
    </spirit:modelParameters>
  </spirit:model>
  <spirit:choices>
    <spirit:choice>
      <spirit:name>choice_list_6fc15197</spirit:name>
      <spirit:enumeration>32</spirit:enumeration>
    </spirit:choice>
    <spirit:choice>
      <spirit:name>choice_list_9d8b0d81</spirit:name>
      <spirit:enumeration>ACTIVE_HIGH</spirit:enumeration>
      <spirit:enumeration>ACTIVE_LOW</spirit:enumeration>
    </spirit:choice>
    <spirit:choice>
      <spirit:name>choice_pairs_ce1226b1</spirit:name>
      <spirit:enumeration spirit:text="true">1</spirit:enumeration>
      <spirit:enumeration spirit:text="false">0</spirit:enumeration>
    </spirit:choice>
  </spirit:choices>
  <spirit:fileSets>
    <spirit:fileSet>
      <spirit:name>xilinx_verilogsynthesis_view_fileset</spirit:name>
      <spirit:file>
        <spirit:name>hdl/mySimpleIO_v1_0_S00_AXI.v</spirit:name>
        <spirit:fileType>verilogSource</spirit:fileType>
      </spirit:file>
      <spirit:file>
        <spirit:name>hdl/mySimpleIO_v1_0.v</spirit:name>
        <spirit:fileType>verilogSource</spirit:fileType>
        <spirit:userFileType>CHECKSUM_5a4034a3</spirit:userFileType>
      </spirit:file>
    </spirit:fileSet>
    <spirit:fileSet>
      <spirit:name>xilinx_verilogbehavioralsimulation_view_fileset</spirit:name>
      <spirit:file>
        <spirit:name>hdl/mySimpleIO_v1_0_S00_AXI.v</spirit:name>
        <spirit:fileType>verilogSource</spirit:fileType>
      </spirit:file>
      <spirit:file>
        <spirit:name>hdl/mySimpleIO_v1_0.v</spirit:name>
        <spirit:fileType>verilogSource</spirit:fileType>
      </spirit:file>
    </spirit:fileSet>
    <spirit:fileSet>
      <spirit:name>xilinx_softwaredriver_view_fileset</spirit:name>
      <spirit:file>
        <spirit:name>drivers/mySimpleIO_v1_0/data/mySimpleIO.mdd</spirit:name>
        <spirit:userFileType>mdd</spirit:userFileType>
        <spirit:userFileType>driver_mdd</spirit:userFileType>
      </spirit:file>
      <spirit:file>
        <spirit:name>drivers/mySimpleIO_v1_0/data/mySimpleIO.tcl</spirit:name>
        <spirit:fileType>tclSource</spirit:fileType>
        <spirit:userFileType>driver_tcl</spirit:userFileType>
      </spirit:file>
      <spirit:file>
        <spirit:name>drivers/mySimpleIO_v1_0/src/Makefile</spirit:name>
        <spirit:userFileType>driver_src</spirit:userFileType>
      </spirit:file>
      <spirit:file>
        <spirit:name>drivers/mySimpleIO_v1_0/src/mySimpleIO.h</spirit:name>
        <spirit:fileType>cSource</spirit:fileType>
        <spirit:userFileType>driver_src</spirit:userFileType>
      </spirit:file>
      <spirit:file>
        <spirit:name>drivers/mySimpleIO_v1_0/src/mySimpleIO.c</spirit:name>
        <spirit:fileType>cSource</spirit:fileType>
        <spirit:userFileType>driver_src</spirit:userFileType>
      </spirit:file>
      <spirit:file>
        <spirit:name>drivers/mySimpleIO_v1_0/src/mySimpleIO_selftest.c</spirit:name>
        <spirit:fileType>cSource</spirit:fileType>
        <spirit:userFileType>driver_src</spirit:userFileType>
      </spirit:file>
    </spirit:fileSet>
    <spirit:fileSet>
      <spirit:name>xilinx_xpgui_view_fileset</spirit:name>
      <spirit:file>
        <spirit:name>xgui/mySimpleIO_v1_0.tcl</spirit:name>
        <spirit:fileType>tclSource</spirit:fileType>
        <spirit:userFileType>CHECKSUM_dda4df14</spirit:userFileType>
        <spirit:userFileType>XGUI_VERSION_2</spirit:userFileType>
      </spirit:file>
    </spirit:fileSet>
    <spirit:fileSet>
      <spirit:name>bd_tcl_view_fileset</spirit:name>
      <spirit:file>
        <spirit:name>bd/bd.tcl</spirit:name>
        <spirit:fileType>tclSource</spirit:fileType>
      </spirit:file>
    </spirit:fileSet>
  </spirit:fileSets>
  <spirit:description>My new AXI IP</spirit:description>
  <spirit:parameters>
    <spirit:parameter>
      <spirit:name>C_S00_AXI_DATA_WIDTH</spirit:name>
      <spirit:displayName>C S00 AXI DATA WIDTH</spirit:displayName>
      <spirit:description>Width of S_AXI data bus</spirit:description>
      <spirit:value spirit:format="long" spirit:resolve="user" spirit:id="PARAM_VALUE.C_S00_AXI_DATA_WIDTH" spirit:choiceRef="choice_list_6fc15197" spirit:order="3">32</spirit:value>
      <spirit:vendorExtensions>
        <xilinx:parameterInfo>
          <xilinx:enablement>
            <xilinx:isEnabled xilinx:id="PARAM_ENABLEMENT.C_S00_AXI_DATA_WIDTH">false</xilinx:isEnabled>
          </xilinx:enablement>
        </xilinx:parameterInfo>
      </spirit:vendorExtensions>
    </spirit:parameter>
    <spirit:parameter>
      <spirit:name>C_S00_AXI_ADDR_WIDTH</spirit:name>
      <spirit:displayName>C S00 AXI ADDR WIDTH</spirit:displayName>
      <spirit:description>Width of S_AXI address bus</spirit:description>
      <spirit:value spirit:format="long" spirit:resolve="user" spirit:id="PARAM_VALUE.C_S00_AXI_ADDR_WIDTH" spirit:order="4" spirit:rangeType="long">4</spirit:value>
      <spirit:vendorExtensions>
        <xilinx:parameterInfo>
          <xilinx:enablement>
            <xilinx:isEnabled xilinx:id="PARAM_ENABLEMENT.C_S00_AXI_ADDR_WIDTH">false</xilinx:isEnabled>
          </xilinx:enablement>
        </xilinx:parameterInfo>
      </spirit:vendorExtensions>
    </spirit:parameter>
    <spirit:parameter>
      <spirit:name>C_S00_AXI_BASEADDR</spirit:name>
      <spirit:displayName>C S00 AXI BASEADDR</spirit:displayName>
      <spirit:value spirit:format="bitString" spirit:resolve="user" spirit:id="PARAM_VALUE.C_S00_AXI_BASEADDR" spirit:order="5" spirit:bitStringLength="32">0xFFFFFFFF</spirit:value>
      <spirit:vendorExtensions>
        <xilinx:parameterInfo>
          <xilinx:enablement>
            <xilinx:isEnabled xilinx:id="PARAM_ENABLEMENT.C_S00_AXI_BASEADDR">false</xilinx:isEnabled>
          </xilinx:enablement>
        </xilinx:parameterInfo>
      </spirit:vendorExtensions>
    </spirit:parameter>
    <spirit:parameter>
      <spirit:name>C_S00_AXI_HIGHADDR</spirit:name>
      <spirit:displayName>C S00 AXI HIGHADDR</spirit:displayName>
      <spirit:value spirit:format="bitString" spirit:resolve="user" spirit:id="PARAM_VALUE.C_S00_AXI_HIGHADDR" spirit:order="6" spirit:bitStringLength="32">0x00000000</spirit:value>
      <spirit:vendorExtensions>
        <xilinx:parameterInfo>
          <xilinx:enablement>
            <xilinx:isEnabled xilinx:id="PARAM_ENABLEMENT.C_S00_AXI_HIGHADDR">false</xilinx:isEnabled>
          </xilinx:enablement>
        </xilinx:parameterInfo>
      </spirit:vendorExtensions>
    </spirit:parameter>
    <spirit:parameter>
      <spirit:name>Component_Name</spirit:name>
      <spirit:value spirit:resolve="user" spirit:id="PARAM_VALUE.Component_Name" spirit:order="1">mySimpleIO_v1_0</spirit:value>
    </spirit:parameter>
  </spirit:parameters>
  <spirit:vendorExtensions>
    <xilinx:coreExtensions>
      <xilinx:supportedFamilies>
        <xilinx:family xilinx:lifeCycle="Pre-Production">zynq</xilinx:family>
      </xilinx:supportedFamilies>
      <xilinx:taxonomies>
        <xilinx:taxonomy>AXI_Peripheral</xilinx:taxonomy>
      </xilinx:taxonomies>
      <xilinx:displayName>mySimpleIO_v1.0</xilinx:displayName>
      <xilinx:coreRevision>5</xilinx:coreRevision>
      <xilinx:coreCreationDateTime>2024-10-20T16:33:55Z</xilinx:coreCreationDateTime>
      <xilinx:tags>
        <xilinx:tag xilinx:name="ui.data.coregen.dd@4f0fe17e_ARCHIVE_LOCATION">e:/SoC/04_ZynqLab01/ip_repo/mySimpleIO_1.0</xilinx:tag>
        <xilinx:tag xilinx:name="ui.data.coregen.dd@6753f89c_ARCHIVE_LOCATION">e:/SoC/04_ZynqLab01/ip_repo/mySimpleIO_1.0</xilinx:tag>
        <xilinx:tag xilinx:name="ui.data.coregen.dd@7864fb56_ARCHIVE_LOCATION">e:/SoC/04_ZynqLab01/ip_repo/mySimpleIO_1.0</xilinx:tag>
        <xilinx:tag xilinx:name="ui.data.coregen.dd@548f9e6f_ARCHIVE_LOCATION">e:/SoC/04_ZynqLab01/ip_repo/mySimpleIO_1.0</xilinx:tag>
        <xilinx:tag xilinx:name="ui.data.coregen.dd@6a991319_ARCHIVE_LOCATION">e:/SoC/04_ZynqLab01/ip_repo/mySimpleIO_1.0</xilinx:tag>
        <xilinx:tag xilinx:name="ui.data.coregen.dd@15192e61_ARCHIVE_LOCATION">e:/SoC/04_ZynqLab01/ip_repo/mySimpleIO_1.0</xilinx:tag>
        <xilinx:tag xilinx:name="ui.data.coregen.dd@58c4e2c6_ARCHIVE_LOCATION">e:/SoC/04_ZynqLab01/ip_repo/mySimpleIO_1.0</xilinx:tag>
        <xilinx:tag xilinx:name="ui.data.coregen.dd@378e50ec_ARCHIVE_LOCATION">e:/SoC/04_ZynqLab01/ip_repo/mySimpleIO_1.0</xilinx:tag>
        <xilinx:tag xilinx:name="ui.data.coregen.dd@523efbda_ARCHIVE_LOCATION">e:/SoC/04_ZynqLab01/ip_repo/mySimpleIO_1.0</xilinx:tag>
        <xilinx:tag xilinx:name="ui.data.coregen.dd@3efd811b_ARCHIVE_LOCATION">e:/SoC/04_ZynqLab01/ip_repo/mySimpleIO_1.0</xilinx:tag>
        <xilinx:tag xilinx:name="ui.data.coregen.dd@59e91720_ARCHIVE_LOCATION">e:/SoC/04_ZynqLab01/ip_repo/mySimpleIO_1.0</xilinx:tag>
        <xilinx:tag xilinx:name="ui.data.coregen.dd@5ff85b60_ARCHIVE_LOCATION">e:/SoC/04_ZynqLab01/ip_repo/mySimpleIO_1.0</xilinx:tag>
        <xilinx:tag xilinx:name="ui.data.coregen.dd@5e03441a_ARCHIVE_LOCATION">e:/SoC/04_ZynqLab01/ip_repo/mySimpleIO_1.0</xilinx:tag>
        <xilinx:tag xilinx:name="ui.data.coregen.dd@4840eb1c_ARCHIVE_LOCATION">e:/SoC/04_ZynqLab01/ip_repo/mySimpleIO_1.0</xilinx:tag>
        <xilinx:tag xilinx:name="ui.data.coregen.dd@49259a88_ARCHIVE_LOCATION">e:/SoC/04_ZynqLab01/ip_repo/mySimpleIO_1.0</xilinx:tag>
        <xilinx:tag xilinx:name="ui.data.coregen.dd@398b0d19_ARCHIVE_LOCATION">e:/SoC/04_ZynqLab01/ip_repo/mySimpleIO_1.0</xilinx:tag>
        <xilinx:tag xilinx:name="ui.data.coregen.dd@3b9d4490_ARCHIVE_LOCATION">e:/SoC/04_ZynqLab01/ip_repo/mySimpleIO_1.0</xilinx:tag>
        <xilinx:tag xilinx:name="ui.data.coregen.dd@67a26aaa_ARCHIVE_LOCATION">e:/SoC/04_ZynqLab01/ip_repo/mySimpleIO_1.0</xilinx:tag>
        <xilinx:tag xilinx:name="ui.data.coregen.dd@544b519f_ARCHIVE_LOCATION">e:/SoC/04_ZynqLab01/ip_repo/mySimpleIO_1.0</xilinx:tag>
        <xilinx:tag xilinx:name="ui.data.coregen.dd@632f910f_ARCHIVE_LOCATION">e:/SoC/04_ZynqLab01/ip_repo/mySimpleIO_1.0</xilinx:tag>
        <xilinx:tag xilinx:name="ui.data.coregen.dd@121f8edf_ARCHIVE_LOCATION">e:/SoC/04_ZynqLab01/ip_repo/mySimpleIO_1.0</xilinx:tag>
        <xilinx:tag xilinx:name="ui.data.coregen.dd@5fca1939_ARCHIVE_LOCATION">e:/SoC/04_ZynqLab01/ip_repo/mySimpleIO_1.0</xilinx:tag>
        <xilinx:tag xilinx:name="ui.data.coregen.dd@73319723_ARCHIVE_LOCATION">e:/SoC/04_ZynqLab01/ip_repo/mySimpleIO_1.0</xilinx:tag>
        <xilinx:tag xilinx:name="ui.data.coregen.dd@3c905a33_ARCHIVE_LOCATION">e:/SoC/04_ZynqLab01/ip_repo/mySimpleIO_1.0</xilinx:tag>
        <xilinx:tag xilinx:name="ui.data.coregen.dd@4576a9b9_ARCHIVE_LOCATION">e:/SoC/04_ZynqLab01/ip_repo/mySimpleIO_1.0</xilinx:tag>
        <xilinx:tag xilinx:name="ui.data.coregen.dd@680c732e_ARCHIVE_LOCATION">e:/SoC/04_ZynqLab01/ip_repo/mySimpleIO_1.0</xilinx:tag>
        <xilinx:tag xilinx:name="ui.data.coregen.dd@1e368d78_ARCHIVE_LOCATION">e:/SoC/04_ZynqLab01/ip_repo/mySimpleIO_1.0</xilinx:tag>
        <xilinx:tag xilinx:name="ui.data.coregen.dd@23e0259a_ARCHIVE_LOCATION">e:/SoC/04_ZynqLab01/ip_repo/mySimpleIO_1.0</xilinx:tag>
        <xilinx:tag xilinx:name="ui.data.coregen.dd@22b63cec_ARCHIVE_LOCATION">e:/SoC/04_ZynqLab01/ip_repo/mySimpleIO_1.0</xilinx:tag>
        <xilinx:tag xilinx:name="ui.data.coregen.dd@4ca24e21_ARCHIVE_LOCATION">e:/SoC/04_ZynqLab01/ip_repo/mySimpleIO_1.0</xilinx:tag>
        <xilinx:tag xilinx:name="ui.data.coregen.dd@6f13ad10_ARCHIVE_LOCATION">e:/SoC/04_ZynqLab01/ip_repo/mySimpleIO_1.0</xilinx:tag>
        <xilinx:tag xilinx:name="ui.data.coregen.dd@7439ea6a_ARCHIVE_LOCATION">e:/SoC/04_ZynqLab01/ip_repo/mySimpleIO_1.0</xilinx:tag>
        <xilinx:tag xilinx:name="ui.data.coregen.dd@1672fad9_ARCHIVE_LOCATION">e:/SoC/04_ZynqLab01/ip_repo/mySimpleIO_1.0</xilinx:tag>
        <xilinx:tag xilinx:name="ui.data.coregen.dd@511d8101_ARCHIVE_LOCATION">e:/SoC/04_ZynqLab01/ip_repo/mySimpleIO_1.0</xilinx:tag>
        <xilinx:tag xilinx:name="ui.data.coregen.dd@537ca0be_ARCHIVE_LOCATION">e:/SoC/04_ZynqLab01/ip_repo/mySimpleIO_1.0</xilinx:tag>
        <xilinx:tag xilinx:name="ui.data.coregen.dd@4af7350b_ARCHIVE_LOCATION">e:/SoC/04_ZynqLab01/ip_repo/mySimpleIO_1.0</xilinx:tag>
        <xilinx:tag xilinx:name="ui.data.coregen.dd@209c680c_ARCHIVE_LOCATION">e:/SoC/04_ZynqLab01/ip_repo/mySimpleIO_1.0</xilinx:tag>
        <xilinx:tag xilinx:name="ui.data.coregen.dd@74d804a2_ARCHIVE_LOCATION">e:/SoC/04_ZynqLab01/ip_repo/mySimpleIO_1.0</xilinx:tag>
        <xilinx:tag xilinx:name="ui.data.coregen.dd@611c26f1_ARCHIVE_LOCATION">e:/SoC/04_ZynqLab01/ip_repo/mySimpleIO_1.0</xilinx:tag>
        <xilinx:tag xilinx:name="ui.data.coregen.dd@70c702eb_ARCHIVE_LOCATION">e:/SoC/04_ZynqLab01/ip_repo/mySimpleIO_1.0</xilinx:tag>
        <xilinx:tag xilinx:name="ui.data.coregen.dd@779ba66e_ARCHIVE_LOCATION">e:/SoC/04_ZynqLab01/ip_repo/mySimpleIO_1.0</xilinx:tag>
        <xilinx:tag xilinx:name="ui.data.coregen.dd@7ee581f0_ARCHIVE_LOCATION">e:/SoC/04_ZynqLab01/ip_repo/mySimpleIO_1.0</xilinx:tag>
        <xilinx:tag xilinx:name="ui.data.coregen.dd@23187f8c_ARCHIVE_LOCATION">e:/SoC/04_ZynqLab01/ip_repo/mySimpleIO_1.0</xilinx:tag>
        <xilinx:tag xilinx:name="ui.data.coregen.dd@73fe9bff_ARCHIVE_LOCATION">e:/SoC/04_ZynqLab01/ip_repo/mySimpleIO_1.0</xilinx:tag>
        <xilinx:tag xilinx:name="ui.data.coregen.dd@4ea6e773_ARCHIVE_LOCATION">e:/SoC/04_ZynqLab01/ip_repo/mySimpleIO_1.0</xilinx:tag>
        <xilinx:tag xilinx:name="ui.data.coregen.dd@570a8479_ARCHIVE_LOCATION">e:/SoC/04_ZynqLab01/ip_repo/mySimpleIO_1.0</xilinx:tag>
        <xilinx:tag xilinx:name="ui.data.coregen.dd@375c0274_ARCHIVE_LOCATION">e:/SoC/04_ZynqLab01/ip_repo/mySimpleIO_1.0</xilinx:tag>
        <xilinx:tag xilinx:name="ui.data.coregen.dd@4fdf1024_ARCHIVE_LOCATION">e:/SoC/04_ZynqLab01/ip_repo/mySimpleIO_1.0</xilinx:tag>
        <xilinx:tag xilinx:name="ui.data.coregen.dd@22933e6e_ARCHIVE_LOCATION">e:/SoC/04_ZynqLab01/ip_repo/mySimpleIO_1.0</xilinx:tag>
        <xilinx:tag xilinx:name="ui.data.coregen.dd@3a286c9d_ARCHIVE_LOCATION">e:/SoC/04_ZynqLab01/ip_repo/mySimpleIO_1.0</xilinx:tag>
        <xilinx:tag xilinx:name="ui.data.coregen.dd@1d90d19a_ARCHIVE_LOCATION">e:/SoC/04_ZynqLab01/ip_repo/mySimpleIO_1.0</xilinx:tag>
        <xilinx:tag xilinx:name="ui.data.coregen.dd@2b4bfe75_ARCHIVE_LOCATION">e:/SoC/04_ZynqLab01/ip_repo/mySimpleIO_1.0</xilinx:tag>
        <xilinx:tag xilinx:name="ui.data.coregen.dd@1d99f57c_ARCHIVE_LOCATION">e:/SoC/04_ZynqLab01/ip_repo/mySimpleIO_1.0</xilinx:tag>
        <xilinx:tag xilinx:name="ui.data.coregen.dd@17164301_ARCHIVE_LOCATION">e:/SoC/04_ZynqLab01/ip_repo/mySimpleIO_1.0</xilinx:tag>
        <xilinx:tag xilinx:name="ui.data.coregen.dd@5a899ecb_ARCHIVE_LOCATION">e:/SoC/04_ZynqLab01/ip_repo/mySimpleIO_1.0</xilinx:tag>
        <xilinx:tag xilinx:name="ui.data.coregen.dd@7a329730_ARCHIVE_LOCATION">e:/SoC/04_ZynqLab01/ip_repo/mySimpleIO_1.0</xilinx:tag>
        <xilinx:tag xilinx:name="ui.data.coregen.dd@6e714f7c_ARCHIVE_LOCATION">e:/SoC/04_ZynqLab01/ip_repo/mySimpleIO_1.0</xilinx:tag>
        <xilinx:tag xilinx:name="ui.data.coregen.dd@79009bd0_ARCHIVE_LOCATION">e:/SoC/04_ZynqLab01/ip_repo/mySimpleIO_1.0</xilinx:tag>
        <xilinx:tag xilinx:name="ui.data.coregen.dd@38bb2bbb_ARCHIVE_LOCATION">e:/SoC/04_ZynqLab01/ip_repo/mySimpleIO_1.0</xilinx:tag>
        <xilinx:tag xilinx:name="ui.data.coregen.dd@ae6d4c_ARCHIVE_LOCATION">e:/SoC/04_ZynqLab01/ip_repo/mySimpleIO_1.0</xilinx:tag>
        <xilinx:tag xilinx:name="ui.data.coregen.dd@65bb9af5_ARCHIVE_LOCATION">e:/SoC/04_ZynqLab01/ip_repo/mySimpleIO_1.0</xilinx:tag>
        <xilinx:tag xilinx:name="ui.data.coregen.dd@4d706f5e_ARCHIVE_LOCATION">e:/SoC/04_ZynqLab01/ip_repo/mySimpleIO_1.0</xilinx:tag>
        <xilinx:tag xilinx:name="ui.data.coregen.dd@41662be4_ARCHIVE_LOCATION">e:/SoC/04_ZynqLab01/ip_repo/mySimpleIO_1.0</xilinx:tag>
        <xilinx:tag xilinx:name="ui.data.coregen.dd@36f8961e_ARCHIVE_LOCATION">e:/SoC/04_ZynqLab01/ip_repo/mySimpleIO_1.0</xilinx:tag>
        <xilinx:tag xilinx:name="ui.data.coregen.dd@16be535a_ARCHIVE_LOCATION">e:/SoC/04_ZynqLab01/ip_repo/mySimpleIO_1.0</xilinx:tag>
        <xilinx:tag xilinx:name="ui.data.coregen.dd@7ae5876b_ARCHIVE_LOCATION">e:/SoC/04_ZynqLab01/ip_repo/mySimpleIO_1.0</xilinx:tag>
        <xilinx:tag xilinx:name="ui.data.coregen.dd@ab958d0_ARCHIVE_LOCATION">e:/SoC/04_ZynqLab01/ip_repo/mySimpleIO_1.0</xilinx:tag>
        <xilinx:tag xilinx:name="ui.data.coregen.dd@87e75a9_ARCHIVE_LOCATION">e:/SoC/04_ZynqLab01/ip_repo/mySimpleIO_1.0</xilinx:tag>
        <xilinx:tag xilinx:name="ui.data.coregen.dd@613a62f1_ARCHIVE_LOCATION">e:/SoC/04_ZynqLab01/ip_repo/mySimpleIO_1.0</xilinx:tag>
        <xilinx:tag xilinx:name="ui.data.coregen.dd@21f7cf18_ARCHIVE_LOCATION">e:/SoC/04_ZynqLab01/ip_repo/mySimpleIO_1.0</xilinx:tag>
        <xilinx:tag xilinx:name="ui.data.coregen.dd@607bd478_ARCHIVE_LOCATION">e:/SoC/04_ZynqLab01/ip_repo/mySimpleIO_1.0</xilinx:tag>
        <xilinx:tag xilinx:name="ui.data.coregen.dd@1a56dca7_ARCHIVE_LOCATION">e:/SoC/04_ZynqLab01/ip_repo/mySimpleIO_1.0</xilinx:tag>
        <xilinx:tag xilinx:name="ui.data.coregen.dd@54f53d1b_ARCHIVE_LOCATION">e:/SoC/04_ZynqLab01/ip_repo/mySimpleIO_1.0</xilinx:tag>
        <xilinx:tag xilinx:name="ui.data.coregen.dd@572b391a_ARCHIVE_LOCATION">e:/SoC/04_ZynqLab01/ip_repo/mySimpleIO_1.0</xilinx:tag>
        <xilinx:tag xilinx:name="ui.data.coregen.dd@415baa08_ARCHIVE_LOCATION">e:/SoC/04_ZynqLab01/ip_repo/mySimpleIO_1.0</xilinx:tag>
        <xilinx:tag xilinx:name="ui.data.coregen.dd@77ed8df4_ARCHIVE_LOCATION">e:/SoC/04_ZynqLab01/ip_repo/mySimpleIO_1.0</xilinx:tag>
        <xilinx:tag xilinx:name="ui.data.coregen.dd@6c5e5a34_ARCHIVE_LOCATION">e:/SoC/04_ZynqLab01/ip_repo/mySimpleIO_1.0</xilinx:tag>
        <xilinx:tag xilinx:name="ui.data.coregen.dd@75540da9_ARCHIVE_LOCATION">e:/SoC/04_ZynqLab01/ip_repo/mySimpleIO_1.0</xilinx:tag>
        <xilinx:tag xilinx:name="ui.data.coregen.dd@e95ac6e_ARCHIVE_LOCATION">e:/SoC/04_ZynqLab01/ip_repo/mySimpleIO_1.0</xilinx:tag>
        <xilinx:tag xilinx:name="ui.data.coregen.dd@13b76dc6_ARCHIVE_LOCATION">e:/SoC/04_ZynqLab01/ip_repo/mySimpleIO_1.0</xilinx:tag>
        <xilinx:tag xilinx:name="ui.data.coregen.dd@4a9eb73_ARCHIVE_LOCATION">e:/SoC/04_ZynqLab01/ip_repo/mySimpleIO_1.0</xilinx:tag>
        <xilinx:tag xilinx:name="ui.data.coregen.dd@1c072ced_ARCHIVE_LOCATION">e:/SoC/04_ZynqLab01/ip_repo/mySimpleIO_1.0</xilinx:tag>
        <xilinx:tag xilinx:name="ui.data.coregen.dd@172295e1_ARCHIVE_LOCATION">e:/SoC/04_ZynqLab01/ip_repo/mySimpleIO_1.0</xilinx:tag>
        <xilinx:tag xilinx:name="ui.data.coregen.dd@5c7858dc_ARCHIVE_LOCATION">e:/SoC/04_ZynqLab01/ip_repo/mySimpleIO_1.0</xilinx:tag>
      </xilinx:tags>
    </xilinx:coreExtensions>
    <xilinx:packagingInfo>
      <xilinx:xilinxVersion>2019.1</xilinx:xilinxVersion>
      <xilinx:checksum xilinx:scope="busInterfaces" xilinx:value="7a63f3fc"/>
      <xilinx:checksum xilinx:scope="memoryMaps" xilinx:value="ed1368d5"/>
      <xilinx:checksum xilinx:scope="fileGroups" xilinx:value="a82b7fa9"/>
      <xilinx:checksum xilinx:scope="ports" xilinx:value="ac7dbdbf"/>
      <xilinx:checksum xilinx:scope="hdlParameters" xilinx:value="6992ea72"/>
      <xilinx:checksum xilinx:scope="parameters" xilinx:value="0820f822"/>
    </xilinx:packagingInfo>
  </spirit:vendorExtensions>
</spirit:component>
