<?xml version="1.0" encoding="UTF-8"?>
<spirit:component xmlns:xilinx="http://www.xilinx.com" xmlns:spirit="http://www.spiritconsortium.org/XMLSchema/SPIRIT/1685-2009" xmlns:xsi="http://www.w3.org/2001/XMLSchema-instance">
  <spirit:vendor>xilinx.com</spirit:vendor>
  <spirit:library>user</spirit:library>
  <spirit:name>myFND</spirit:name>
  <spirit:version>1.0</spirit:version>
  <spirit:busInterfaces>
    <spirit:busInterface>
      <spirit:name>S00_AXI</spirit:name>
      <spirit:busType spirit:vendor="xilinx.com" spirit:library="interface" spirit:name="aximm" spirit:version="1.0"/>
      <spirit:abstractionType spirit:vendor="xilinx.com" spirit:library="interface" spirit:name="aximm_rtl" spirit:version="1.0"/>
      <spirit:slave>
        <spirit:memoryMapRef spirit:memoryMapRef="S00_AXI"/>
      </spirit:slave>
      <spirit:portMaps>
        <spirit:portMap>
          <spirit:logicalPort>
            <spirit:name>AWADDR</spirit:name>
          </spirit:logicalPort>
          <spirit:physicalPort>
            <spirit:name>s00_axi_awaddr</spirit:name>
          </spirit:physicalPort>
        </spirit:portMap>
        <spirit:portMap>
          <spirit:logicalPort>
            <spirit:name>AWPROT</spirit:name>
          </spirit:logicalPort>
          <spirit:physicalPort>
            <spirit:name>s00_axi_awprot</spirit:name>
          </spirit:physicalPort>
        </spirit:portMap>
        <spirit:portMap>
          <spirit:logicalPort>
            <spirit:name>AWVALID</spirit:name>
          </spirit:logicalPort>
          <spirit:physicalPort>
            <spirit:name>s00_axi_awvalid</spirit:name>
          </spirit:physicalPort>
        </spirit:portMap>
        <spirit:portMap>
          <spirit:logicalPort>
            <spirit:name>AWREADY</spirit:name>
          </spirit:logicalPort>
          <spirit:physicalPort>
            <spirit:name>s00_axi_awready</spirit:name>
          </spirit:physicalPort>
        </spirit:portMap>
        <spirit:portMap>
          <spirit:logicalPort>
            <spirit:name>WDATA</spirit:name>
          </spirit:logicalPort>
          <spirit:physicalPort>
            <spirit:name>s00_axi_wdata</spirit:name>
          </spirit:physicalPort>
        </spirit:portMap>
        <spirit:portMap>
          <spirit:logicalPort>
            <spirit:name>WSTRB</spirit:name>
          </spirit:logicalPort>
          <spirit:physicalPort>
            <spirit:name>s00_axi_wstrb</spirit:name>
          </spirit:physicalPort>
        </spirit:portMap>
        <spirit:portMap>
          <spirit:logicalPort>
            <spirit:name>WVALID</spirit:name>
          </spirit:logicalPort>
          <spirit:physicalPort>
            <spirit:name>s00_axi_wvalid</spirit:name>
          </spirit:physicalPort>
        </spirit:portMap>
        <spirit:portMap>
          <spirit:logicalPort>
            <spirit:name>WREADY</spirit:name>
          </spirit:logicalPort>
          <spirit:physicalPort>
            <spirit:name>s00_axi_wready</spirit:name>
          </spirit:physicalPort>
        </spirit:portMap>
        <spirit:portMap>
          <spirit:logicalPort>
            <spirit:name>BRESP</spirit:name>
          </spirit:logicalPort>
          <spirit:physicalPort>
            <spirit:name>s00_axi_bresp</spirit:name>
          </spirit:physicalPort>
        </spirit:portMap>
        <spirit:portMap>
          <spirit:logicalPort>
            <spirit:name>BVALID</spirit:name>
          </spirit:logicalPort>
          <spirit:physicalPort>
            <spirit:name>s00_axi_bvalid</spirit:name>
          </spirit:physicalPort>
        </spirit:portMap>
        <spirit:portMap>
          <spirit:logicalPort>
            <spirit:name>BREADY</spirit:name>
          </spirit:logicalPort>
          <spirit:physicalPort>
            <spirit:name>s00_axi_bready</spirit:name>
          </spirit:physicalPort>
        </spirit:portMap>
        <spirit:portMap>
          <spirit:logicalPort>
            <spirit:name>ARADDR</spirit:name>
          </spirit:logicalPort>
          <spirit:physicalPort>
            <spirit:name>s00_axi_araddr</spirit:name>
          </spirit:physicalPort>
        </spirit:portMap>
        <spirit:portMap>
          <spirit:logicalPort>
            <spirit:name>ARPROT</spirit:name>
          </spirit:logicalPort>
          <spirit:physicalPort>
            <spirit:name>s00_axi_arprot</spirit:name>
          </spirit:physicalPort>
        </spirit:portMap>
        <spirit:portMap>
          <spirit:logicalPort>
            <spirit:name>ARVALID</spirit:name>
          </spirit:logicalPort>
          <spirit:physicalPort>
            <spirit:name>s00_axi_arvalid</spirit:name>
          </spirit:physicalPort>
        </spirit:portMap>
        <spirit:portMap>
          <spirit:logicalPort>
            <spirit:name>ARREADY</spirit:name>
          </spirit:logicalPort>
          <spirit:physicalPort>
            <spirit:name>s00_axi_arready</spirit:name>
          </spirit:physicalPort>
        </spirit:portMap>
        <spirit:portMap>
          <spirit:logicalPort>
            <spirit:name>RDATA</spirit:name>
          </spirit:logicalPort>
          <spirit:physicalPort>
            <spirit:name>s00_axi_rdata</spirit:name>
          </spirit:physicalPort>
        </spirit:portMap>
        <spirit:portMap>
          <spirit:logicalPort>
            <spirit:name>RRESP</spirit:name>
          </spirit:logicalPort>
          <spirit:physicalPort>
            <spirit:name>s00_axi_rresp</spirit:name>
          </spirit:physicalPort>
        </spirit:portMap>
        <spirit:portMap>
          <spirit:logicalPort>
            <spirit:name>RVALID</spirit:name>
          </spirit:logicalPort>
          <spirit:physicalPort>
            <spirit:name>s00_axi_rvalid</spirit:name>
          </spirit:physicalPort>
        </spirit:portMap>
        <spirit:portMap>
          <spirit:logicalPort>
            <spirit:name>RREADY</spirit:name>
          </spirit:logicalPort>
          <spirit:physicalPort>
            <spirit:name>s00_axi_rready</spirit:name>
          </spirit:physicalPort>
        </spirit:portMap>
      </spirit:portMaps>
      <spirit:parameters>
        <spirit:parameter>
          <spirit:name>WIZ_DATA_WIDTH</spirit:name>
          <spirit:value spirit:format="long" spirit:id="BUSIFPARAM_VALUE.S00_AXI.WIZ_DATA_WIDTH" spirit:choiceRef="choice_list_6fc15197">32</spirit:value>
        </spirit:parameter>
        <spirit:parameter>
          <spirit:name>WIZ_NUM_REG</spirit:name>
          <spirit:value spirit:format="long" spirit:id="BUSIFPARAM_VALUE.S00_AXI.WIZ_NUM_REG" spirit:minimum="4" spirit:maximum="512" spirit:rangeType="long">4</spirit:value>
        </spirit:parameter>
        <spirit:parameter>
          <spirit:name>SUPPORTS_NARROW_BURST</spirit:name>
          <spirit:value spirit:format="long" spirit:id="BUSIFPARAM_VALUE.S00_AXI.SUPPORTS_NARROW_BURST" spirit:choiceRef="choice_pairs_ce1226b1">0</spirit:value>
        </spirit:parameter>
      </spirit:parameters>
    </spirit:busInterface>
    <spirit:busInterface>
      <spirit:name>S00_AXI_RST</spirit:name>
      <spirit:busType spirit:vendor="xilinx.com" spirit:library="signal" spirit:name="reset" spirit:version="1.0"/>
      <spirit:abstractionType spirit:vendor="xilinx.com" spirit:library="signal" spirit:name="reset_rtl" spirit:version="1.0"/>
      <spirit:slave/>
      <spirit:portMaps>
        <spirit:portMap>
          <spirit:logicalPort>
            <spirit:name>RST</spirit:name>
          </spirit:logicalPort>
          <spirit:physicalPort>
            <spirit:name>s00_axi_aresetn</spirit:name>
          </spirit:physicalPort>
        </spirit:portMap>
      </spirit:portMaps>
      <spirit:parameters>
        <spirit:parameter>
          <spirit:name>POLARITY</spirit:name>
          <spirit:value spirit:id="BUSIFPARAM_VALUE.S00_AXI_RST.POLARITY" spirit:choiceRef="choice_list_9d8b0d81">ACTIVE_LOW</spirit:value>
        </spirit:parameter>
      </spirit:parameters>
    </spirit:busInterface>
    <spirit:busInterface>
      <spirit:name>S00_AXI_CLK</spirit:name>
      <spirit:busType spirit:vendor="xilinx.com" spirit:library="signal" spirit:name="clock" spirit:version="1.0"/>
      <spirit:abstractionType spirit:vendor="xilinx.com" spirit:library="signal" spirit:name="clock_rtl" spirit:version="1.0"/>
      <spirit:slave/>
      <spirit:portMaps>
        <spirit:portMap>
          <spirit:logicalPort>
            <spirit:name>CLK</spirit:name>
          </spirit:logicalPort>
          <spirit:physicalPort>
            <spirit:name>s00_axi_aclk</spirit:name>
          </spirit:physicalPort>
        </spirit:portMap>
      </spirit:portMaps>
      <spirit:parameters>
        <spirit:parameter>
          <spirit:name>ASSOCIATED_BUSIF</spirit:name>
          <spirit:value spirit:id="BUSIFPARAM_VALUE.S00_AXI_CLK.ASSOCIATED_BUSIF">S00_AXI</spirit:value>
        </spirit:parameter>
        <spirit:parameter>
          <spirit:name>ASSOCIATED_RESET</spirit:name>
          <spirit:value spirit:id="BUSIFPARAM_VALUE.S00_AXI_CLK.ASSOCIATED_RESET">s00_axi_aresetn</spirit:value>
        </spirit:parameter>
      </spirit:parameters>
    </spirit:busInterface>
  </spirit:busInterfaces>
  <spirit:memoryMaps>
    <spirit:memoryMap>
      <spirit:name>S00_AXI</spirit:name>
      <spirit:addressBlock>
        <spirit:name>S00_AXI_reg</spirit:name>
        <spirit:baseAddress spirit:format="long" spirit:resolve="user">0</spirit:baseAddress>
        <spirit:range spirit:format="long">4096</spirit:range>
        <spirit:width spirit:format="long">32</spirit:width>
        <spirit:usage>register</spirit:usage>
        <spirit:parameters>
          <spirit:parameter>
            <spirit:name>OFFSET_BASE_PARAM</spirit:name>
            <spirit:value spirit:id="ADDRBLOCKPARAM_VALUE.S00_AXI.S00_AXI_REG.OFFSET_BASE_PARAM">C_S00_AXI_BASEADDR</spirit:value>
          </spirit:parameter>
          <spirit:parameter>
            <spirit:name>OFFSET_HIGH_PARAM</spirit:name>
            <spirit:value spirit:id="ADDRBLOCKPARAM_VALUE.S00_AXI.S00_AXI_REG.OFFSET_HIGH_PARAM">C_S00_AXI_HIGHADDR</spirit:value>
          </spirit:parameter>
        </spirit:parameters>
      </spirit:addressBlock>
    </spirit:memoryMap>
  </spirit:memoryMaps>
  <spirit:model>
    <spirit:views>
      <spirit:view>
        <spirit:name>xilinx_verilogsynthesis</spirit:name>
        <spirit:displayName>Verilog Synthesis</spirit:displayName>
        <spirit:envIdentifier>verilogSource:vivado.xilinx.com:synthesis</spirit:envIdentifier>
        <spirit:language>verilog</spirit:language>
        <spirit:modelName>myFND_v1_0</spirit:modelName>
        <spirit:fileSetRef>
          <spirit:localName>xilinx_verilogsynthesis_view_fileset</spirit:localName>
        </spirit:fileSetRef>
        <spirit:parameters>
          <spirit:parameter>
            <spirit:name>viewChecksum</spirit:name>
            <spirit:value>2836f27b</spirit:value>
          </spirit:parameter>
        </spirit:parameters>
      </spirit:view>
      <spirit:view>
        <spirit:name>xilinx_verilogbehavioralsimulation</spirit:name>
        <spirit:displayName>Verilog Simulation</spirit:displayName>
        <spirit:envIdentifier>verilogSource:vivado.xilinx.com:simulation</spirit:envIdentifier>
        <spirit:language>verilog</spirit:language>
        <spirit:modelName>myFND_v1_0</spirit:modelName>
        <spirit:fileSetRef>
          <spirit:localName>xilinx_verilogbehavioralsimulation_view_fileset</spirit:localName>
        </spirit:fileSetRef>
        <spirit:parameters>
          <spirit:parameter>
            <spirit:name>viewChecksum</spirit:name>
            <spirit:value>2836f27b</spirit:value>
          </spirit:parameter>
        </spirit:parameters>
      </spirit:view>
      <spirit:view>
        <spirit:name>xilinx_softwaredriver</spirit:name>
        <spirit:displayName>Software Driver</spirit:displayName>
        <spirit:envIdentifier>:vivado.xilinx.com:sw.driver</spirit:envIdentifier>
        <spirit:fileSetRef>
          <spirit:localName>xilinx_softwaredriver_view_fileset</spirit:localName>
        </spirit:fileSetRef>
        <spirit:parameters>
          <spirit:parameter>
            <spirit:name>viewChecksum</spirit:name>
            <spirit:value>5448a484</spirit:value>
          </spirit:parameter>
        </spirit:parameters>
      </spirit:view>
      <spirit:view>
        <spirit:name>xilinx_xpgui</spirit:name>
        <spirit:displayName>UI Layout</spirit:displayName>
        <spirit:envIdentifier>:vivado.xilinx.com:xgui.ui</spirit:envIdentifier>
        <spirit:fileSetRef>
          <spirit:localName>xilinx_xpgui_view_fileset</spirit:localName>
        </spirit:fileSetRef>
        <spirit:parameters>
          <spirit:parameter>
            <spirit:name>viewChecksum</spirit:name>
            <spirit:value>dda4df14</spirit:value>
          </spirit:parameter>
        </spirit:parameters>
      </spirit:view>
      <spirit:view>
        <spirit:name>bd_tcl</spirit:name>
        <spirit:displayName>Block Diagram</spirit:displayName>
        <spirit:envIdentifier>:vivado.xilinx.com:block.diagram</spirit:envIdentifier>
        <spirit:fileSetRef>
          <spirit:localName>bd_tcl_view_fileset</spirit:localName>
        </spirit:fileSetRef>
        <spirit:parameters>
          <spirit:parameter>
            <spirit:name>viewChecksum</spirit:name>
            <spirit:value>16328387</spirit:value>
          </spirit:parameter>
        </spirit:parameters>
      </spirit:view>
    </spirit:views>
    <spirit:ports>
      <spirit:port>
        <spirit:name>oSel</spirit:name>
        <spirit:wire>
          <spirit:direction>out</spirit:direction>
          <spirit:wireTypeDefs>
            <spirit:wireTypeDef>
              <spirit:typeName>std_logic</spirit:typeName>
              <spirit:viewNameRef>xilinx_verilogsynthesis</spirit:viewNameRef>
              <spirit:viewNameRef>xilinx_verilogbehavioralsimulation</spirit:viewNameRef>
            </spirit:wireTypeDef>
          </spirit:wireTypeDefs>
        </spirit:wire>
      </spirit:port>
      <spirit:port>
        <spirit:name>oSeg</spirit:name>
        <spirit:wire>
          <spirit:direction>out</spirit:direction>
          <spirit:vector>
            <spirit:left spirit:format="long">6</spirit:left>
            <spirit:right spirit:format="long">0</spirit:right>
          </spirit:vector>
          <spirit:wireTypeDefs>
            <spirit:wireTypeDef>
              <spirit:typeName>std_logic_vector</spirit:typeName>
              <spirit:viewNameRef>xilinx_verilogsynthesis</spirit:viewNameRef>
              <spirit:viewNameRef>xilinx_verilogbehavioralsimulation</spirit:viewNameRef>
            </spirit:wireTypeDef>
          </spirit:wireTypeDefs>
        </spirit:wire>
      </spirit:port>
      <spirit:port>
        <spirit:name>s00_axi_awaddr</spirit:name>
        <spirit:wire>
          <spirit:direction>in</spirit:direction>
          <spirit:vector>
            <spirit:left spirit:format="long" spirit:resolve="dependent" spirit:dependency="(spirit:decode(id(&apos;MODELPARAM_VALUE.C_S00_AXI_ADDR_WIDTH&apos;)) - 1)">3</spirit:left>
            <spirit:right spirit:format="long">0</spirit:right>
          </spirit:vector>
          <spirit:wireTypeDefs>
            <spirit:wireTypeDef>
              <spirit:typeName>wire</spirit:typeName>
              <spirit:viewNameRef>xilinx_verilogsynthesis</spirit:viewNameRef>
              <spirit:viewNameRef>xilinx_verilogbehavioralsimulation</spirit:viewNameRef>
            </spirit:wireTypeDef>
          </spirit:wireTypeDefs>
        </spirit:wire>
      </spirit:port>
      <spirit:port>
        <spirit:name>s00_axi_awprot</spirit:name>
        <spirit:wire>
          <spirit:direction>in</spirit:direction>
          <spirit:vector>
            <spirit:left spirit:format="long">2</spirit:left>
            <spirit:right spirit:format="long">0</spirit:right>
          </spirit:vector>
          <spirit:wireTypeDefs>
            <spirit:wireTypeDef>
              <spirit:typeName>wire</spirit:typeName>
              <spirit:viewNameRef>xilinx_verilogsynthesis</spirit:viewNameRef>
              <spirit:viewNameRef>xilinx_verilogbehavioralsimulation</spirit:viewNameRef>
            </spirit:wireTypeDef>
          </spirit:wireTypeDefs>
        </spirit:wire>
      </spirit:port>
      <spirit:port>
        <spirit:name>s00_axi_awvalid</spirit:name>
        <spirit:wire>
          <spirit:direction>in</spirit:direction>
          <spirit:wireTypeDefs>
            <spirit:wireTypeDef>
              <spirit:typeName>wire</spirit:typeName>
              <spirit:viewNameRef>xilinx_verilogsynthesis</spirit:viewNameRef>
              <spirit:viewNameRef>xilinx_verilogbehavioralsimulation</spirit:viewNameRef>
            </spirit:wireTypeDef>
          </spirit:wireTypeDefs>
        </spirit:wire>
      </spirit:port>
      <spirit:port>
        <spirit:name>s00_axi_awready</spirit:name>
        <spirit:wire>
          <spirit:direction>out</spirit:direction>
          <spirit:wireTypeDefs>
            <spirit:wireTypeDef>
              <spirit:typeName>wire</spirit:typeName>
              <spirit:viewNameRef>xilinx_verilogsynthesis</spirit:viewNameRef>
              <spirit:viewNameRef>xilinx_verilogbehavioralsimulation</spirit:viewNameRef>
            </spirit:wireTypeDef>
          </spirit:wireTypeDefs>
        </spirit:wire>
      </spirit:port>
      <spirit:port>
        <spirit:name>s00_axi_wdata</spirit:name>
        <spirit:wire>
          <spirit:direction>in</spirit:direction>
          <spirit:vector>
            <spirit:left spirit:format="long" spirit:resolve="dependent" spirit:dependency="(spirit:decode(id(&apos;MODELPARAM_VALUE.C_S00_AXI_DATA_WIDTH&apos;)) - 1)">31</spirit:left>
            <spirit:right spirit:format="long">0</spirit:right>
          </spirit:vector>
          <spirit:wireTypeDefs>
            <spirit:wireTypeDef>
              <spirit:typeName>wire</spirit:typeName>
              <spirit:viewNameRef>xilinx_verilogsynthesis</spirit:viewNameRef>
              <spirit:viewNameRef>xilinx_verilogbehavioralsimulation</spirit:viewNameRef>
            </spirit:wireTypeDef>
          </spirit:wireTypeDefs>
        </spirit:wire>
      </spirit:port>
      <spirit:port>
        <spirit:name>s00_axi_wstrb</spirit:name>
        <spirit:wire>
          <spirit:direction>in</spirit:direction>
          <spirit:vector>
            <spirit:left spirit:format="long" spirit:resolve="dependent" spirit:dependency="((spirit:decode(id(&apos;MODELPARAM_VALUE.C_S00_AXI_DATA_WIDTH&apos;)) / 8) - 1)">3</spirit:left>
            <spirit:right spirit:format="long">0</spirit:right>
          </spirit:vector>
          <spirit:wireTypeDefs>
            <spirit:wireTypeDef>
              <spirit:typeName>wire</spirit:typeName>
              <spirit:viewNameRef>xilinx_verilogsynthesis</spirit:viewNameRef>
              <spirit:viewNameRef>xilinx_verilogbehavioralsimulation</spirit:viewNameRef>
            </spirit:wireTypeDef>
          </spirit:wireTypeDefs>
        </spirit:wire>
      </spirit:port>
      <spirit:port>
        <spirit:name>s00_axi_wvalid</spirit:name>
        <spirit:wire>
          <spirit:direction>in</spirit:direction>
          <spirit:wireTypeDefs>
            <spirit:wireTypeDef>
              <spirit:typeName>wire</spirit:typeName>
              <spirit:viewNameRef>xilinx_verilogsynthesis</spirit:viewNameRef>
              <spirit:viewNameRef>xilinx_verilogbehavioralsimulation</spirit:viewNameRef>
            </spirit:wireTypeDef>
          </spirit:wireTypeDefs>
        </spirit:wire>
      </spirit:port>
      <spirit:port>
        <spirit:name>s00_axi_wready</spirit:name>
        <spirit:wire>
          <spirit:direction>out</spirit:direction>
          <spirit:wireTypeDefs>
            <spirit:wireTypeDef>
              <spirit:typeName>wire</spirit:typeName>
              <spirit:viewNameRef>xilinx_verilogsynthesis</spirit:viewNameRef>
              <spirit:viewNameRef>xilinx_verilogbehavioralsimulation</spirit:viewNameRef>
            </spirit:wireTypeDef>
          </spirit:wireTypeDefs>
        </spirit:wire>
      </spirit:port>
      <spirit:port>
        <spirit:name>s00_axi_bresp</spirit:name>
        <spirit:wire>
          <spirit:direction>out</spirit:direction>
          <spirit:vector>
            <spirit:left spirit:format="long">1</spirit:left>
            <spirit:right spirit:format="long">0</spirit:right>
          </spirit:vector>
          <spirit:wireTypeDefs>
            <spirit:wireTypeDef>
              <spirit:typeName>wire</spirit:typeName>
              <spirit:viewNameRef>xilinx_verilogsynthesis</spirit:viewNameRef>
              <spirit:viewNameRef>xilinx_verilogbehavioralsimulation</spirit:viewNameRef>
            </spirit:wireTypeDef>
          </spirit:wireTypeDefs>
        </spirit:wire>
      </spirit:port>
      <spirit:port>
        <spirit:name>s00_axi_bvalid</spirit:name>
        <spirit:wire>
          <spirit:direction>out</spirit:direction>
          <spirit:wireTypeDefs>
            <spirit:wireTypeDef>
              <spirit:typeName>wire</spirit:typeName>
              <spirit:viewNameRef>xilinx_verilogsynthesis</spirit:viewNameRef>
              <spirit:viewNameRef>xilinx_verilogbehavioralsimulation</spirit:viewNameRef>
            </spirit:wireTypeDef>
          </spirit:wireTypeDefs>
        </spirit:wire>
      </spirit:port>
      <spirit:port>
        <spirit:name>s00_axi_bready</spirit:name>
        <spirit:wire>
          <spirit:direction>in</spirit:direction>
          <spirit:wireTypeDefs>
            <spirit:wireTypeDef>
              <spirit:typeName>wire</spirit:typeName>
              <spirit:viewNameRef>xilinx_verilogsynthesis</spirit:viewNameRef>
              <spirit:viewNameRef>xilinx_verilogbehavioralsimulation</spirit:viewNameRef>
            </spirit:wireTypeDef>
          </spirit:wireTypeDefs>
        </spirit:wire>
      </spirit:port>
      <spirit:port>
        <spirit:name>s00_axi_araddr</spirit:name>
        <spirit:wire>
          <spirit:direction>in</spirit:direction>
          <spirit:vector>
            <spirit:left spirit:format="long" spirit:resolve="dependent" spirit:dependency="(spirit:decode(id(&apos;MODELPARAM_VALUE.C_S00_AXI_ADDR_WIDTH&apos;)) - 1)">3</spirit:left>
            <spirit:right spirit:format="long">0</spirit:right>
          </spirit:vector>
          <spirit:wireTypeDefs>
            <spirit:wireTypeDef>
              <spirit:typeName>wire</spirit:typeName>
              <spirit:viewNameRef>xilinx_verilogsynthesis</spirit:viewNameRef>
              <spirit:viewNameRef>xilinx_verilogbehavioralsimulation</spirit:viewNameRef>
            </spirit:wireTypeDef>
          </spirit:wireTypeDefs>
        </spirit:wire>
      </spirit:port>
      <spirit:port>
        <spirit:name>s00_axi_arprot</spirit:name>
        <spirit:wire>
          <spirit:direction>in</spirit:direction>
          <spirit:vector>
            <spirit:left spirit:format="long">2</spirit:left>
            <spirit:right spirit:format="long">0</spirit:right>
          </spirit:vector>
          <spirit:wireTypeDefs>
            <spirit:wireTypeDef>
              <spirit:typeName>wire</spirit:typeName>
              <spirit:viewNameRef>xilinx_verilogsynthesis</spirit:viewNameRef>
              <spirit:viewNameRef>xilinx_verilogbehavioralsimulation</spirit:viewNameRef>
            </spirit:wireTypeDef>
          </spirit:wireTypeDefs>
        </spirit:wire>
      </spirit:port>
      <spirit:port>
        <spirit:name>s00_axi_arvalid</spirit:name>
        <spirit:wire>
          <spirit:direction>in</spirit:direction>
          <spirit:wireTypeDefs>
            <spirit:wireTypeDef>
              <spirit:typeName>wire</spirit:typeName>
              <spirit:viewNameRef>xilinx_verilogsynthesis</spirit:viewNameRef>
              <spirit:viewNameRef>xilinx_verilogbehavioralsimulation</spirit:viewNameRef>
            </spirit:wireTypeDef>
          </spirit:wireTypeDefs>
        </spirit:wire>
      </spirit:port>
      <spirit:port>
        <spirit:name>s00_axi_arready</spirit:name>
        <spirit:wire>
          <spirit:direction>out</spirit:direction>
          <spirit:wireTypeDefs>
            <spirit:wireTypeDef>
              <spirit:typeName>wire</spirit:typeName>
              <spirit:viewNameRef>xilinx_verilogsynthesis</spirit:viewNameRef>
              <spirit:viewNameRef>xilinx_verilogbehavioralsimulation</spirit:viewNameRef>
            </spirit:wireTypeDef>
          </spirit:wireTypeDefs>
        </spirit:wire>
      </spirit:port>
      <spirit:port>
        <spirit:name>s00_axi_rdata</spirit:name>
        <spirit:wire>
          <spirit:direction>out</spirit:direction>
          <spirit:vector>
            <spirit:left spirit:format="long" spirit:resolve="dependent" spirit:dependency="(spirit:decode(id(&apos;MODELPARAM_VALUE.C_S00_AXI_DATA_WIDTH&apos;)) - 1)">31</spirit:left>
            <spirit:right spirit:format="long">0</spirit:right>
          </spirit:vector>
          <spirit:wireTypeDefs>
            <spirit:wireTypeDef>
              <spirit:typeName>wire</spirit:typeName>
              <spirit:viewNameRef>xilinx_verilogsynthesis</spirit:viewNameRef>
              <spirit:viewNameRef>xilinx_verilogbehavioralsimulation</spirit:viewNameRef>
            </spirit:wireTypeDef>
          </spirit:wireTypeDefs>
        </spirit:wire>
      </spirit:port>
      <spirit:port>
        <spirit:name>s00_axi_rresp</spirit:name>
        <spirit:wire>
          <spirit:direction>out</spirit:direction>
          <spirit:vector>
            <spirit:left spirit:format="long">1</spirit:left>
            <spirit:right spirit:format="long">0</spirit:right>
          </spirit:vector>
          <spirit:wireTypeDefs>
            <spirit:wireTypeDef>
              <spirit:typeName>wire</spirit:typeName>
              <spirit:viewNameRef>xilinx_verilogsynthesis</spirit:viewNameRef>
              <spirit:viewNameRef>xilinx_verilogbehavioralsimulation</spirit:viewNameRef>
            </spirit:wireTypeDef>
          </spirit:wireTypeDefs>
        </spirit:wire>
      </spirit:port>
      <spirit:port>
        <spirit:name>s00_axi_rvalid</spirit:name>
        <spirit:wire>
          <spirit:direction>out</spirit:direction>
          <spirit:wireTypeDefs>
            <spirit:wireTypeDef>
              <spirit:typeName>wire</spirit:typeName>
              <spirit:viewNameRef>xilinx_verilogsynthesis</spirit:viewNameRef>
              <spirit:viewNameRef>xilinx_verilogbehavioralsimulation</spirit:viewNameRef>
            </spirit:wireTypeDef>
          </spirit:wireTypeDefs>
        </spirit:wire>
      </spirit:port>
      <spirit:port>
        <spirit:name>s00_axi_rready</spirit:name>
        <spirit:wire>
          <spirit:direction>in</spirit:direction>
          <spirit:wireTypeDefs>
            <spirit:wireTypeDef>
              <spirit:typeName>wire</spirit:typeName>
              <spirit:viewNameRef>xilinx_verilogsynthesis</spirit:viewNameRef>
              <spirit:viewNameRef>xilinx_verilogbehavioralsimulation</spirit:viewNameRef>
            </spirit:wireTypeDef>
          </spirit:wireTypeDefs>
        </spirit:wire>
      </spirit:port>
      <spirit:port>
        <spirit:name>s00_axi_aclk</spirit:name>
        <spirit:wire>
          <spirit:direction>in</spirit:direction>
          <spirit:wireTypeDefs>
            <spirit:wireTypeDef>
              <spirit:typeName>wire</spirit:typeName>
              <spirit:viewNameRef>xilinx_verilogsynthesis</spirit:viewNameRef>
              <spirit:viewNameRef>xilinx_verilogbehavioralsimulation</spirit:viewNameRef>
            </spirit:wireTypeDef>
          </spirit:wireTypeDefs>
        </spirit:wire>
      </spirit:port>
      <spirit:port>
        <spirit:name>s00_axi_aresetn</spirit:name>
        <spirit:wire>
          <spirit:direction>in</spirit:direction>
          <spirit:wireTypeDefs>
            <spirit:wireTypeDef>
              <spirit:typeName>wire</spirit:typeName>
              <spirit:viewNameRef>xilinx_verilogsynthesis</spirit:viewNameRef>
              <spirit:viewNameRef>xilinx_verilogbehavioralsimulation</spirit:viewNameRef>
            </spirit:wireTypeDef>
          </spirit:wireTypeDefs>
        </spirit:wire>
      </spirit:port>
    </spirit:ports>
    <spirit:modelParameters>
      <spirit:modelParameter xsi:type="spirit:nameValueTypeType" spirit:dataType="integer">
        <spirit:name>C_S00_AXI_DATA_WIDTH</spirit:name>
        <spirit:displayName>C S00 AXI DATA WIDTH</spirit:displayName>
        <spirit:description>Width of S_AXI data bus</spirit:description>
        <spirit:value spirit:format="long" spirit:resolve="generated" spirit:id="MODELPARAM_VALUE.C_S00_AXI_DATA_WIDTH" spirit:order="3" spirit:rangeType="long">32</spirit:value>
      </spirit:modelParameter>
      <spirit:modelParameter spirit:dataType="integer">
        <spirit:name>C_S00_AXI_ADDR_WIDTH</spirit:name>
        <spirit:displayName>C S00 AXI ADDR WIDTH</spirit:displayName>
        <spirit:description>Width of S_AXI address bus</spirit:description>
        <spirit:value spirit:format="long" spirit:resolve="generated" spirit:id="MODELPARAM_VALUE.C_S00_AXI_ADDR_WIDTH" spirit:order="4" spirit:rangeType="long">4</spirit:value>
      </spirit:modelParameter>
    </spirit:modelParameters>
  </spirit:model>
  <spirit:choices>
    <spirit:choice>
      <spirit:name>choice_list_6fc15197</spirit:name>
      <spirit:enumeration>32</spirit:enumeration>
    </spirit:choice>
    <spirit:choice>
      <spirit:name>choice_list_9d8b0d81</spirit:name>
      <spirit:enumeration>ACTIVE_HIGH</spirit:enumeration>
      <spirit:enumeration>ACTIVE_LOW</spirit:enumeration>
    </spirit:choice>
    <spirit:choice>
      <spirit:name>choice_pairs_ce1226b1</spirit:name>
      <spirit:enumeration spirit:text="true">1</spirit:enumeration>
      <spirit:enumeration spirit:text="false">0</spirit:enumeration>
    </spirit:choice>
  </spirit:choices>
  <spirit:fileSets>
    <spirit:fileSet>
      <spirit:name>xilinx_verilogsynthesis_view_fileset</spirit:name>
      <spirit:file>
        <spirit:name>hdl/FND.v</spirit:name>
        <spirit:fileType>verilogSource</spirit:fileType>
      </spirit:file>
      <spirit:file>
        <spirit:name>hdl/Hex2Dec.v</spirit:name>
        <spirit:fileType>verilogSource</spirit:fileType>
      </spirit:file>
      <spirit:file>
        <spirit:name>hdl/myFND_v1_0_S00_AXI.v</spirit:name>
        <spirit:fileType>verilogSource</spirit:fileType>
      </spirit:file>
      <spirit:file>
        <spirit:name>hdl/myFND_v1_0.v</spirit:name>
        <spirit:fileType>verilogSource</spirit:fileType>
        <spirit:userFileType>CHECKSUM_0ca59e71</spirit:userFileType>
      </spirit:file>
    </spirit:fileSet>
    <spirit:fileSet>
      <spirit:name>xilinx_verilogbehavioralsimulation_view_fileset</spirit:name>
      <spirit:file>
        <spirit:name>hdl/FND.v</spirit:name>
        <spirit:fileType>verilogSource</spirit:fileType>
      </spirit:file>
      <spirit:file>
        <spirit:name>hdl/Hex2Dec.v</spirit:name>
        <spirit:fileType>verilogSource</spirit:fileType>
      </spirit:file>
      <spirit:file>
        <spirit:name>hdl/myFND_v1_0_S00_AXI.v</spirit:name>
        <spirit:fileType>verilogSource</spirit:fileType>
      </spirit:file>
      <spirit:file>
        <spirit:name>hdl/myFND_v1_0.v</spirit:name>
        <spirit:fileType>verilogSource</spirit:fileType>
      </spirit:file>
    </spirit:fileSet>
    <spirit:fileSet>
      <spirit:name>xilinx_softwaredriver_view_fileset</spirit:name>
      <spirit:file>
        <spirit:name>drivers/myFND_v1_0/data/myFND.mdd</spirit:name>
        <spirit:userFileType>mdd</spirit:userFileType>
        <spirit:userFileType>driver_mdd</spirit:userFileType>
      </spirit:file>
      <spirit:file>
        <spirit:name>drivers/myFND_v1_0/data/myFND.tcl</spirit:name>
        <spirit:fileType>tclSource</spirit:fileType>
        <spirit:userFileType>driver_tcl</spirit:userFileType>
      </spirit:file>
      <spirit:file>
        <spirit:name>drivers/myFND_v1_0/src/Makefile</spirit:name>
        <spirit:userFileType>driver_src</spirit:userFileType>
      </spirit:file>
      <spirit:file>
        <spirit:name>drivers/myFND_v1_0/src/myFND.h</spirit:name>
        <spirit:fileType>cSource</spirit:fileType>
        <spirit:userFileType>driver_src</spirit:userFileType>
      </spirit:file>
      <spirit:file>
        <spirit:name>drivers/myFND_v1_0/src/myFND.c</spirit:name>
        <spirit:fileType>cSource</spirit:fileType>
        <spirit:userFileType>driver_src</spirit:userFileType>
      </spirit:file>
      <spirit:file>
        <spirit:name>drivers/myFND_v1_0/src/myFND_selftest.c</spirit:name>
        <spirit:fileType>cSource</spirit:fileType>
        <spirit:userFileType>driver_src</spirit:userFileType>
      </spirit:file>
    </spirit:fileSet>
    <spirit:fileSet>
      <spirit:name>xilinx_xpgui_view_fileset</spirit:name>
      <spirit:file>
        <spirit:name>xgui/myFND_v1_0.tcl</spirit:name>
        <spirit:fileType>tclSource</spirit:fileType>
        <spirit:userFileType>CHECKSUM_dda4df14</spirit:userFileType>
        <spirit:userFileType>XGUI_VERSION_2</spirit:userFileType>
      </spirit:file>
    </spirit:fileSet>
    <spirit:fileSet>
      <spirit:name>bd_tcl_view_fileset</spirit:name>
      <spirit:file>
        <spirit:name>bd/bd.tcl</spirit:name>
        <spirit:fileType>tclSource</spirit:fileType>
      </spirit:file>
    </spirit:fileSet>
  </spirit:fileSets>
  <spirit:description>My new AXI IP</spirit:description>
  <spirit:parameters>
    <spirit:parameter>
      <spirit:name>C_S00_AXI_DATA_WIDTH</spirit:name>
      <spirit:displayName>C S00 AXI DATA WIDTH</spirit:displayName>
      <spirit:description>Width of S_AXI data bus</spirit:description>
      <spirit:value spirit:format="long" spirit:resolve="user" spirit:id="PARAM_VALUE.C_S00_AXI_DATA_WIDTH" spirit:choiceRef="choice_list_6fc15197" spirit:order="3">32</spirit:value>
      <spirit:vendorExtensions>
        <xilinx:parameterInfo>
          <xilinx:enablement>
            <xilinx:isEnabled xilinx:id="PARAM_ENABLEMENT.C_S00_AXI_DATA_WIDTH">false</xilinx:isEnabled>
          </xilinx:enablement>
        </xilinx:parameterInfo>
      </spirit:vendorExtensions>
    </spirit:parameter>
    <spirit:parameter>
      <spirit:name>C_S00_AXI_ADDR_WIDTH</spirit:name>
      <spirit:displayName>C S00 AXI ADDR WIDTH</spirit:displayName>
      <spirit:description>Width of S_AXI address bus</spirit:description>
      <spirit:value spirit:format="long" spirit:resolve="user" spirit:id="PARAM_VALUE.C_S00_AXI_ADDR_WIDTH" spirit:order="4" spirit:rangeType="long">4</spirit:value>
      <spirit:vendorExtensions>
        <xilinx:parameterInfo>
          <xilinx:enablement>
            <xilinx:isEnabled xilinx:id="PARAM_ENABLEMENT.C_S00_AXI_ADDR_WIDTH">false</xilinx:isEnabled>
          </xilinx:enablement>
        </xilinx:parameterInfo>
      </spirit:vendorExtensions>
    </spirit:parameter>
    <spirit:parameter>
      <spirit:name>C_S00_AXI_BASEADDR</spirit:name>
      <spirit:displayName>C S00 AXI BASEADDR</spirit:displayName>
      <spirit:value spirit:format="bitString" spirit:resolve="user" spirit:id="PARAM_VALUE.C_S00_AXI_BASEADDR" spirit:order="5" spirit:bitStringLength="32">0xFFFFFFFF</spirit:value>
      <spirit:vendorExtensions>
        <xilinx:parameterInfo>
          <xilinx:enablement>
            <xilinx:isEnabled xilinx:id="PARAM_ENABLEMENT.C_S00_AXI_BASEADDR">false</xilinx:isEnabled>
          </xilinx:enablement>
        </xilinx:parameterInfo>
      </spirit:vendorExtensions>
    </spirit:parameter>
    <spirit:parameter>
      <spirit:name>C_S00_AXI_HIGHADDR</spirit:name>
      <spirit:displayName>C S00 AXI HIGHADDR</spirit:displayName>
      <spirit:value spirit:format="bitString" spirit:resolve="user" spirit:id="PARAM_VALUE.C_S00_AXI_HIGHADDR" spirit:order="6" spirit:bitStringLength="32">0x00000000</spirit:value>
      <spirit:vendorExtensions>
        <xilinx:parameterInfo>
          <xilinx:enablement>
            <xilinx:isEnabled xilinx:id="PARAM_ENABLEMENT.C_S00_AXI_HIGHADDR">false</xilinx:isEnabled>
          </xilinx:enablement>
        </xilinx:parameterInfo>
      </spirit:vendorExtensions>
    </spirit:parameter>
    <spirit:parameter>
      <spirit:name>Component_Name</spirit:name>
      <spirit:value spirit:resolve="user" spirit:id="PARAM_VALUE.Component_Name" spirit:order="1">myFND_v1_0</spirit:value>
    </spirit:parameter>
  </spirit:parameters>
  <spirit:vendorExtensions>
    <xilinx:coreExtensions>
      <xilinx:supportedFamilies>
        <xilinx:family xilinx:lifeCycle="Pre-Production">zynq</xilinx:family>
      </xilinx:supportedFamilies>
      <xilinx:taxonomies>
        <xilinx:taxonomy>AXI_Peripheral</xilinx:taxonomy>
      </xilinx:taxonomies>
      <xilinx:displayName>myFND_v1.0</xilinx:displayName>
      <xilinx:coreRevision>15</xilinx:coreRevision>
      <xilinx:coreCreationDateTime>2024-11-10T11:42:23Z</xilinx:coreCreationDateTime>
      <xilinx:tags>
        <xilinx:tag xilinx:name="ui.data.coregen.dd@1cbd5ab6_ARCHIVE_LOCATION">d:/SoC-Design-Basics-main/04_ZynqLab/ip_repo/myFND_1.0</xilinx:tag>
        <xilinx:tag xilinx:name="ui.data.coregen.dd@80f5993_ARCHIVE_LOCATION">d:/SoC-Design-Basics-main/04_ZynqLab/ip_repo/myFND_1.0</xilinx:tag>
        <xilinx:tag xilinx:name="ui.data.coregen.dd@2a4fb5b5_ARCHIVE_LOCATION">d:/SoC-Design-Basics-main/04_ZynqLab/ip_repo/myFND_1.0</xilinx:tag>
        <xilinx:tag xilinx:name="ui.data.coregen.dd@884b3cb_ARCHIVE_LOCATION">d:/SoC-Design-Basics-main/04_ZynqLab/ip_repo/myFND_1.0</xilinx:tag>
        <xilinx:tag xilinx:name="ui.data.coregen.dd@b3cd88f_ARCHIVE_LOCATION">d:/SoC-Design-Basics-main/04_ZynqLab/ip_repo/myFND_1.0</xilinx:tag>
        <xilinx:tag xilinx:name="ui.data.coregen.dd@44f82b46_ARCHIVE_LOCATION">d:/SoC-Design-Basics-main/04_ZynqLab/ip_repo/myFND_1.0</xilinx:tag>
        <xilinx:tag xilinx:name="ui.data.coregen.dd@6015ada3_ARCHIVE_LOCATION">d:/SoC-Design-Basics-main/04_ZynqLab/ip_repo/myFND_1.0</xilinx:tag>
        <xilinx:tag xilinx:name="ui.data.coregen.dd@20ff1b55_ARCHIVE_LOCATION">d:/SoC-Design-Basics-main/04_ZynqLab/ip_repo/myFND_1.0</xilinx:tag>
        <xilinx:tag xilinx:name="ui.data.coregen.dd@635d8cba_ARCHIVE_LOCATION">d:/SoC-Design-Basics-main/04_ZynqLab/ip_repo/myFND_1.0</xilinx:tag>
        <xilinx:tag xilinx:name="ui.data.coregen.dd@473e4800_ARCHIVE_LOCATION">d:/SoC-Design-Basics-main/04_ZynqLab/ip_repo/myFND_1.0</xilinx:tag>
        <xilinx:tag xilinx:name="ui.data.coregen.dd@5a2b3768_ARCHIVE_LOCATION">d:/SoC-Design-Basics-main/04_ZynqLab/ip_repo/myFND_1.0</xilinx:tag>
        <xilinx:tag xilinx:name="ui.data.coregen.dd@491c505c_ARCHIVE_LOCATION">d:/SoC-Design-Basics-main/04_ZynqLab/ip_repo/myFND_1.0</xilinx:tag>
        <xilinx:tag xilinx:name="ui.data.coregen.dd@1d87942c_ARCHIVE_LOCATION">d:/SoC-Design-Basics-main/04_ZynqLab/ip_repo/myFND_1.0</xilinx:tag>
        <xilinx:tag xilinx:name="ui.data.coregen.dd@58d27e61_ARCHIVE_LOCATION">d:/SoC-Design-Basics-main/04_ZynqLab/ip_repo/myFND_1.0</xilinx:tag>
        <xilinx:tag xilinx:name="ui.data.coregen.dd@68b411f5_ARCHIVE_LOCATION">d:/SoC-Design-Basics-main/04_ZynqLab/ip_repo/myFND_1.0</xilinx:tag>
        <xilinx:tag xilinx:name="ui.data.coregen.dd@28f0eb9c_ARCHIVE_LOCATION">d:/SoC-Design-Basics-main/04_ZynqLab/ip_repo/myFND_1.0</xilinx:tag>
        <xilinx:tag xilinx:name="ui.data.coregen.dd@57a15f1d_ARCHIVE_LOCATION">d:/SoC-Design-Basics-main/04_ZynqLab/ip_repo/myFND_1.0</xilinx:tag>
        <xilinx:tag xilinx:name="ui.data.coregen.dd@2e1e91b2_ARCHIVE_LOCATION">d:/SoC-Design-Basics-main/04_ZynqLab/ip_repo/myFND_1.0</xilinx:tag>
        <xilinx:tag xilinx:name="ui.data.coregen.dd@490de826_ARCHIVE_LOCATION">d:/SoC-Design-Basics-main/04_ZynqLab/ip_repo/myFND_1.0</xilinx:tag>
        <xilinx:tag xilinx:name="ui.data.coregen.dd@1233ed4b_ARCHIVE_LOCATION">d:/SoC-Design-Basics-main/04_ZynqLab/ip_repo/myFND_1.0</xilinx:tag>
        <xilinx:tag xilinx:name="ui.data.coregen.dd@51f1ff65_ARCHIVE_LOCATION">d:/SoC-Design-Basics-main/04_ZynqLab/ip_repo/myFND_1.0</xilinx:tag>
        <xilinx:tag xilinx:name="ui.data.coregen.dd@7b0f8d7e_ARCHIVE_LOCATION">d:/SoC-Design-Basics-main/04_ZynqLab/ip_repo/myFND_1.0</xilinx:tag>
        <xilinx:tag xilinx:name="ui.data.coregen.dd@66cee421_ARCHIVE_LOCATION">d:/SoC-Design-Basics-main/04_ZynqLab/ip_repo/myFND_1.0</xilinx:tag>
        <xilinx:tag xilinx:name="ui.data.coregen.dd@2136ba26_ARCHIVE_LOCATION">d:/SoC-Design-Basics-main/04_ZynqLab/ip_repo/myFND_1.0</xilinx:tag>
        <xilinx:tag xilinx:name="ui.data.coregen.dd@1e35e681_ARCHIVE_LOCATION">d:/SoC-Design-Basics-main/04_ZynqLab/ip_repo/myFND_1.0</xilinx:tag>
        <xilinx:tag xilinx:name="ui.data.coregen.dd@4410377f_ARCHIVE_LOCATION">d:/SoC-Design-Basics-main/04_ZynqLab/ip_repo/myFND_1.0</xilinx:tag>
        <xilinx:tag xilinx:name="ui.data.coregen.dd@56e27d63_ARCHIVE_LOCATION">d:/SoC-Design-Basics-main/04_ZynqLab/ip_repo/myFND_1.0</xilinx:tag>
        <xilinx:tag xilinx:name="ui.data.coregen.dd@257ea6df_ARCHIVE_LOCATION">d:/SoC-Design-Basics-main/04_ZynqLab/ip_repo/myFND_1.0</xilinx:tag>
        <xilinx:tag xilinx:name="ui.data.coregen.dd@3eb0778f_ARCHIVE_LOCATION">d:/SoC-Design-Basics-main/04_ZynqLab/ip_repo/myFND_1.0</xilinx:tag>
        <xilinx:tag xilinx:name="ui.data.coregen.dd@30de733d_ARCHIVE_LOCATION">d:/SoC-Design-Basics-main/04_ZynqLab/ip_repo/myFND_1.0</xilinx:tag>
        <xilinx:tag xilinx:name="ui.data.coregen.dd@18c42670_ARCHIVE_LOCATION">d:/SoC-Design-Basics-main/04_ZynqLab/ip_repo/myFND_1.0</xilinx:tag>
        <xilinx:tag xilinx:name="ui.data.coregen.dd@47a1e4cd_ARCHIVE_LOCATION">d:/SoC-Design-Basics-main/04_ZynqLab/ip_repo/myFND_1.0</xilinx:tag>
        <xilinx:tag xilinx:name="ui.data.coregen.dd@6bac408b_ARCHIVE_LOCATION">d:/SoC-Design-Basics-main/04_ZynqLab/ip_repo/myFND_1.0</xilinx:tag>
        <xilinx:tag xilinx:name="ui.data.coregen.dd@6aa06e0e_ARCHIVE_LOCATION">d:/SoC-Design-Basics-main/04_ZynqLab/ip_repo/myFND_1.0</xilinx:tag>
        <xilinx:tag xilinx:name="ui.data.coregen.dd@24e2fab1_ARCHIVE_LOCATION">d:/SoC-Design-Basics-main/04_ZynqLab/ip_repo/myFND_1.0</xilinx:tag>
        <xilinx:tag xilinx:name="ui.data.coregen.dd@4c2bcc86_ARCHIVE_LOCATION">d:/SoC-Design-Basics-main/04_ZynqLab/ip_repo/myFND_1.0</xilinx:tag>
        <xilinx:tag xilinx:name="ui.data.coregen.dd@4da78f1c_ARCHIVE_LOCATION">d:/SoC-Design-Basics-main/04_ZynqLab/ip_repo/myFND_1.0</xilinx:tag>
        <xilinx:tag xilinx:name="ui.data.coregen.dd@182cf262_ARCHIVE_LOCATION">e:/01_SoC/04_ZynqLab/ip_repo/myFND_1.0</xilinx:tag>
        <xilinx:tag xilinx:name="ui.data.coregen.dd@6ec51c3f_ARCHIVE_LOCATION">e:/01_SoC/04_ZynqLab/ip_repo/myFND_1.0</xilinx:tag>
        <xilinx:tag xilinx:name="ui.data.coregen.dd@288074b_ARCHIVE_LOCATION">e:/01_SoC/04_ZynqLab/ip_repo/myFND_1.0</xilinx:tag>
        <xilinx:tag xilinx:name="ui.data.coregen.dd@66e45253_ARCHIVE_LOCATION">e:/01_SoC/04_ZynqLab/ip_repo/myFND_1.0</xilinx:tag>
        <xilinx:tag xilinx:name="ui.data.coregen.dd@6a6060f5_ARCHIVE_LOCATION">e:/01_SoC/04_ZynqLab/ip_repo/myFND_1.0</xilinx:tag>
        <xilinx:tag xilinx:name="ui.data.coregen.dd@60599840_ARCHIVE_LOCATION">e:/01_SoC/04_ZynqLab/ip_repo/myFND_1.0</xilinx:tag>
        <xilinx:tag xilinx:name="ui.data.coregen.dd@380349e8_ARCHIVE_LOCATION">e:/01_SoC/04_ZynqLab/ip_repo/myFND_1.0</xilinx:tag>
        <xilinx:tag xilinx:name="ui.data.coregen.dd@663e00d7_ARCHIVE_LOCATION">e:/01_SoC/04_ZynqLab/ip_repo/myFND_1.0</xilinx:tag>
        <xilinx:tag xilinx:name="ui.data.coregen.dd@1c231c78_ARCHIVE_LOCATION">e:/01_SoC/04_ZynqLab/ip_repo/myFND_1.0</xilinx:tag>
        <xilinx:tag xilinx:name="ui.data.coregen.dd@7b15b3bd_ARCHIVE_LOCATION">e:/01_SoC/04_ZynqLab/ip_repo/myFND_1.0</xilinx:tag>
        <xilinx:tag xilinx:name="ui.data.coregen.dd@3900d9d6_ARCHIVE_LOCATION">e:/01_SoC/04_ZynqLab/ip_repo/myFND_1.0</xilinx:tag>
        <xilinx:tag xilinx:name="ui.data.coregen.dd@503fd0e6_ARCHIVE_LOCATION">e:/01_SoC/04_ZynqLab/ip_repo/myFND_1.0</xilinx:tag>
        <xilinx:tag xilinx:name="ui.data.coregen.dd@6ae68881_ARCHIVE_LOCATION">e:/01_SoC/04_ZynqLab/ip_repo/myFND_1.0</xilinx:tag>
        <xilinx:tag xilinx:name="ui.data.coregen.dd@121e282a_ARCHIVE_LOCATION">e:/01_SoC/04_ZynqLab/ip_repo/myFND_1.0</xilinx:tag>
        <xilinx:tag xilinx:name="ui.data.coregen.dd@51c67a52_ARCHIVE_LOCATION">e:/01_SoC/04_ZynqLab/ip_repo/myFND_1.0</xilinx:tag>
        <xilinx:tag xilinx:name="ui.data.coregen.dd@5f4ad091_ARCHIVE_LOCATION">e:/01_SoC/04_ZynqLab/ip_repo/myFND_1.0</xilinx:tag>
        <xilinx:tag xilinx:name="ui.data.coregen.dd@2fcc8162_ARCHIVE_LOCATION">e:/01_SoC/04_ZynqLab/ip_repo/myFND_1.0</xilinx:tag>
        <xilinx:tag xilinx:name="ui.data.coregen.dd@3e0babf1_ARCHIVE_LOCATION">e:/01_SoC/04_ZynqLab/ip_repo/myFND_1.0</xilinx:tag>
        <xilinx:tag xilinx:name="ui.data.coregen.dd@1d0dc1e6_ARCHIVE_LOCATION">e:/01_SoC/04_ZynqLab/ip_repo/myFND_1.0</xilinx:tag>
        <xilinx:tag xilinx:name="ui.data.coregen.dd@78fbfff1_ARCHIVE_LOCATION">e:/01_SoC/04_ZynqLab/ip_repo/myFND_1.0</xilinx:tag>
        <xilinx:tag xilinx:name="ui.data.coregen.dd@24877c6c_ARCHIVE_LOCATION">e:/01_SoC/04_ZynqLab/ip_repo/myFND_1.0</xilinx:tag>
        <xilinx:tag xilinx:name="ui.data.coregen.dd@568be7c6_ARCHIVE_LOCATION">e:/01_SoC/04_ZynqLab/ip_repo/myFND_1.0</xilinx:tag>
        <xilinx:tag xilinx:name="ui.data.coregen.dd@5fc29358_ARCHIVE_LOCATION">e:/01_SoC/04_ZynqLab/ip_repo/myFND_1.0</xilinx:tag>
        <xilinx:tag xilinx:name="ui.data.coregen.dd@7644e2fe_ARCHIVE_LOCATION">e:/01_SoC/04_ZynqLab/ip_repo/myFND_1.0</xilinx:tag>
        <xilinx:tag xilinx:name="ui.data.coregen.dd@5d979af5_ARCHIVE_LOCATION">e:/01_SoC/04_ZynqLab/ip_repo/myFND_1.0</xilinx:tag>
        <xilinx:tag xilinx:name="ui.data.coregen.dd@6a41ae04_ARCHIVE_LOCATION">e:/01_SoC/04_ZynqLab/ip_repo/myFND_1.0</xilinx:tag>
        <xilinx:tag xilinx:name="ui.data.coregen.dd@5fa36ac3_ARCHIVE_LOCATION">e:/01_SoC/04_ZynqLab/ip_repo/myFND_1.0</xilinx:tag>
        <xilinx:tag xilinx:name="ui.data.coregen.dd@689ff36_ARCHIVE_LOCATION">e:/01_SoC/04_ZynqLab/ip_repo/myFND_1.0</xilinx:tag>
        <xilinx:tag xilinx:name="ui.data.coregen.dd@1084c8d2_ARCHIVE_LOCATION">e:/01_SoC/04_ZynqLab/ip_repo/myFND_1.0</xilinx:tag>
        <xilinx:tag xilinx:name="ui.data.coregen.dd@2b5754dc_ARCHIVE_LOCATION">e:/01_SoC/04_ZynqLab/ip_repo/myFND_1.0</xilinx:tag>
        <xilinx:tag xilinx:name="ui.data.coregen.dd@77a3201e_ARCHIVE_LOCATION">e:/01_SoC/04_ZynqLab/ip_repo/myFND_1.0</xilinx:tag>
        <xilinx:tag xilinx:name="ui.data.coregen.dd@513d2c7f_ARCHIVE_LOCATION">e:/01_SoC/04_ZynqLab/ip_repo/myFND_1.0</xilinx:tag>
        <xilinx:tag xilinx:name="ui.data.coregen.dd@620209e1_ARCHIVE_LOCATION">e:/01_SoC/04_ZynqLab/ip_repo/myFND_1.0</xilinx:tag>
        <xilinx:tag xilinx:name="ui.data.coregen.dd@313a53b7_ARCHIVE_LOCATION">e:/01_SoC/04_ZynqLab/ip_repo/myFND_1.0</xilinx:tag>
        <xilinx:tag xilinx:name="ui.data.coregen.dd@2d36a16e_ARCHIVE_LOCATION">e:/01_SoC/04_ZynqLab/ip_repo/myFND_1.0</xilinx:tag>
        <xilinx:tag xilinx:name="ui.data.coregen.dd@52d86d93_ARCHIVE_LOCATION">e:/01_SoC/04_ZynqLab/ip_repo/myFND_1.0</xilinx:tag>
        <xilinx:tag xilinx:name="ui.data.coregen.dd@5047fa_ARCHIVE_LOCATION">e:/01_SoC/04_ZynqLab/ip_repo/myFND_1.0</xilinx:tag>
        <xilinx:tag xilinx:name="ui.data.coregen.dd@32d4c342_ARCHIVE_LOCATION">e:/01_SoC/04_ZynqLab/ip_repo/myFND_1.0</xilinx:tag>
        <xilinx:tag xilinx:name="ui.data.coregen.dd@7dfd87ab_ARCHIVE_LOCATION">e:/01_SoC/04_ZynqLab/ip_repo/myFND_1.0</xilinx:tag>
        <xilinx:tag xilinx:name="ui.data.coregen.dd@6b3cbe19_ARCHIVE_LOCATION">e:/01_SoC/04_ZynqLab/ip_repo/myFND_1.0</xilinx:tag>
        <xilinx:tag xilinx:name="ui.data.coregen.dd@2ad9b32c_ARCHIVE_LOCATION">e:/01_SoC/04_ZynqLab/ip_repo/myFND_1.0</xilinx:tag>
        <xilinx:tag xilinx:name="ui.data.coregen.dd@54245792_ARCHIVE_LOCATION">e:/01_SoC/04_ZynqLab/ip_repo/myFND_1.0</xilinx:tag>
        <xilinx:tag xilinx:name="ui.data.coregen.dd@3fa61dc8_ARCHIVE_LOCATION">e:/01_SoC/04_ZynqLab/ip_repo/myFND_1.0</xilinx:tag>
        <xilinx:tag xilinx:name="ui.data.coregen.dd@68d22848_ARCHIVE_LOCATION">e:/01_SoC/04_ZynqLab/ip_repo/myFND_1.0</xilinx:tag>
        <xilinx:tag xilinx:name="ui.data.coregen.dd@61e41d70_ARCHIVE_LOCATION">e:/01_SoC/04_ZynqLab/ip_repo/myFND_1.0</xilinx:tag>
        <xilinx:tag xilinx:name="ui.data.coregen.dd@376c7eb_ARCHIVE_LOCATION">e:/01_SoC/04_ZynqLab/ip_repo/myFND_1.0</xilinx:tag>
        <xilinx:tag xilinx:name="ui.data.coregen.dd@1a8961e1_ARCHIVE_LOCATION">e:/01_SoC/04_ZynqLab/ip_repo/myFND_1.0</xilinx:tag>
        <xilinx:tag xilinx:name="ui.data.coregen.dd@1cf9b635_ARCHIVE_LOCATION">e:/01_SoC/04_ZynqLab/ip_repo/myFND_1.0</xilinx:tag>
        <xilinx:tag xilinx:name="ui.data.coregen.dd@675de3bb_ARCHIVE_LOCATION">e:/01_SoC/04_ZynqLab/ip_repo/myFND_1.0</xilinx:tag>
        <xilinx:tag xilinx:name="ui.data.coregen.dd@12c9e24b_ARCHIVE_LOCATION">e:/01_SoC/04_ZynqLab/ip_repo/myFND_1.0</xilinx:tag>
        <xilinx:tag xilinx:name="ui.data.coregen.dd@58349386_ARCHIVE_LOCATION">e:/01_SoC/04_ZynqLab/ip_repo/myFND_1.0</xilinx:tag>
        <xilinx:tag xilinx:name="ui.data.coregen.dd@78f7a30e_ARCHIVE_LOCATION">e:/01_SoC/04_ZynqLab/ip_repo/myFND_1.0</xilinx:tag>
        <xilinx:tag xilinx:name="ui.data.coregen.dd@31dd2eb_ARCHIVE_LOCATION">e:/01_SoC/04_ZynqLab/ip_repo/myFND_1.0</xilinx:tag>
        <xilinx:tag xilinx:name="ui.data.coregen.dd@5cdea445_ARCHIVE_LOCATION">e:/01_SoC/04_ZynqLab/ip_repo/myFND_1.0</xilinx:tag>
        <xilinx:tag xilinx:name="ui.data.coregen.dd@5f91b244_ARCHIVE_LOCATION">e:/01_SoC/04_ZynqLab/ip_repo/myFND_1.0</xilinx:tag>
        <xilinx:tag xilinx:name="ui.data.coregen.dd@4a1c4943_ARCHIVE_LOCATION">e:/01_SoC/04_ZynqLab/ip_repo/myFND_1.0</xilinx:tag>
        <xilinx:tag xilinx:name="ui.data.coregen.dd@507abf6d_ARCHIVE_LOCATION">e:/01_SoC/04_ZynqLab/ip_repo/myFND_1.0</xilinx:tag>
        <xilinx:tag xilinx:name="ui.data.coregen.dd@2079af03_ARCHIVE_LOCATION">e:/01_SoC/04_ZynqLab/ip_repo/myFND_1.0</xilinx:tag>
        <xilinx:tag xilinx:name="ui.data.coregen.dd@229f008_ARCHIVE_LOCATION">e:/01_SoC/04_ZynqLab/ip_repo/myFND_1.0</xilinx:tag>
        <xilinx:tag xilinx:name="ui.data.coregen.dd@131ed000_ARCHIVE_LOCATION">e:/01_SoC/04_ZynqLab/ip_repo/myFND_1.0</xilinx:tag>
        <xilinx:tag xilinx:name="ui.data.coregen.dd@30184674_ARCHIVE_LOCATION">e:/01_SoC/04_ZynqLab/ip_repo/myFND_1.0</xilinx:tag>
        <xilinx:tag xilinx:name="ui.data.coregen.dd@39b08857_ARCHIVE_LOCATION">e:/01_SoC/04_ZynqLab/ip_repo/myFND_1.0</xilinx:tag>
        <xilinx:tag xilinx:name="ui.data.coregen.dd@4cd337e8_ARCHIVE_LOCATION">e:/01_SoC/04_ZynqLab/ip_repo/myFND_1.0</xilinx:tag>
        <xilinx:tag xilinx:name="ui.data.coregen.dd@1e89b953_ARCHIVE_LOCATION">e:/01_SoC/04_ZynqLab/ip_repo/myFND_1.0</xilinx:tag>
        <xilinx:tag xilinx:name="ui.data.coregen.dd@109ad499_ARCHIVE_LOCATION">e:/01_SoC/04_ZynqLab/ip_repo/myFND_1.0</xilinx:tag>
        <xilinx:tag xilinx:name="ui.data.coregen.dd@69979f9a_ARCHIVE_LOCATION">e:/01_SoC/04_ZynqLab/ip_repo/myFND_1.0</xilinx:tag>
        <xilinx:tag xilinx:name="ui.data.coregen.dd@6bc7d030_ARCHIVE_LOCATION">e:/01_SoC/04_ZynqLab/ip_repo/myFND_1.0</xilinx:tag>
        <xilinx:tag xilinx:name="ui.data.coregen.dd@54d01b2a_ARCHIVE_LOCATION">e:/01_SoC/04_ZynqLab/ip_repo/myFND_1.0</xilinx:tag>
        <xilinx:tag xilinx:name="ui.data.coregen.dd@1c7e278_ARCHIVE_LOCATION">e:/01_SoC/04_ZynqLab/ip_repo/myFND_1.0</xilinx:tag>
        <xilinx:tag xilinx:name="ui.data.coregen.dd@455635a9_ARCHIVE_LOCATION">e:/01_SoC/04_ZynqLab/ip_repo/myFND_1.0</xilinx:tag>
        <xilinx:tag xilinx:name="ui.data.coregen.dd@788b501f_ARCHIVE_LOCATION">e:/01_SoC/04_ZynqLab/ip_repo/myFND_1.0</xilinx:tag>
        <xilinx:tag xilinx:name="ui.data.coregen.dd@764c2e04_ARCHIVE_LOCATION">e:/01_SoC/04_ZynqLab/ip_repo/myFND_1.0</xilinx:tag>
        <xilinx:tag xilinx:name="ui.data.coregen.dd@35275413_ARCHIVE_LOCATION">e:/01_SoC/04_ZynqLab/ip_repo/myFND_1.0</xilinx:tag>
        <xilinx:tag xilinx:name="ui.data.coregen.dd@2bc82cef_ARCHIVE_LOCATION">e:/01_SoC/04_ZynqLab/ip_repo/myFND_1.0</xilinx:tag>
        <xilinx:tag xilinx:name="ui.data.coregen.dd@59a270b7_ARCHIVE_LOCATION">e:/01_SoC/04_ZynqLab/ip_repo/myFND_1.0</xilinx:tag>
        <xilinx:tag xilinx:name="ui.data.coregen.dd@7b5d697d_ARCHIVE_LOCATION">e:/01_SoC/04_ZynqLab/ip_repo/myFND_1.0</xilinx:tag>
        <xilinx:tag xilinx:name="ui.data.coregen.dd@689b6d1_ARCHIVE_LOCATION">e:/01_SoC/04_ZynqLab/ip_repo/myFND_1.0</xilinx:tag>
        <xilinx:tag xilinx:name="ui.data.coregen.dd@6d78e2af_ARCHIVE_LOCATION">e:/01_SoC/04_ZynqLab/ip_repo/myFND_1.0</xilinx:tag>
        <xilinx:tag xilinx:name="ui.data.coregen.dd@4d8366c2_ARCHIVE_LOCATION">e:/01_SoC/04_ZynqLab/ip_repo/myFND_1.0</xilinx:tag>
        <xilinx:tag xilinx:name="ui.data.coregen.dd@70800407_ARCHIVE_LOCATION">e:/01_SoC/04_ZynqLab/ip_repo/myFND_1.0</xilinx:tag>
        <xilinx:tag xilinx:name="ui.data.coregen.dd@6880d70d_ARCHIVE_LOCATION">e:/01_SoC/04_ZynqLab/ip_repo/myFND_1.0</xilinx:tag>
        <xilinx:tag xilinx:name="ui.data.coregen.dd@768f3254_ARCHIVE_LOCATION">e:/01_SoC/04_ZynqLab/ip_repo/myFND_1.0</xilinx:tag>
        <xilinx:tag xilinx:name="ui.data.coregen.dd@2a1b5168_ARCHIVE_LOCATION">e:/01_SoC/04_ZynqLab/ip_repo/myFND_1.0</xilinx:tag>
        <xilinx:tag xilinx:name="ui.data.coregen.dd@3e730fab_ARCHIVE_LOCATION">e:/01_SoC/04_ZynqLab/ip_repo/myFND_1.0</xilinx:tag>
        <xilinx:tag xilinx:name="ui.data.coregen.dd@65e05f6d_ARCHIVE_LOCATION">e:/01_SoC/04_ZynqLab/ip_repo/myFND_1.0</xilinx:tag>
        <xilinx:tag xilinx:name="ui.data.coregen.dd@29f6d741_ARCHIVE_LOCATION">e:/01_SoC/04_ZynqLab/ip_repo/myFND_1.0</xilinx:tag>
        <xilinx:tag xilinx:name="ui.data.coregen.dd@3ffe6ada_ARCHIVE_LOCATION">e:/01_SoC/04_ZynqLab/ip_repo/myFND_1.0</xilinx:tag>
        <xilinx:tag xilinx:name="ui.data.coregen.dd@3d192e34_ARCHIVE_LOCATION">e:/01_SoC/04_ZynqLab/ip_repo/myFND_1.0</xilinx:tag>
        <xilinx:tag xilinx:name="ui.data.coregen.dd@2c605312_ARCHIVE_LOCATION">e:/01_SoC/04_ZynqLab/ip_repo/myFND_1.0</xilinx:tag>
        <xilinx:tag xilinx:name="ui.data.coregen.dd@7c2b97cb_ARCHIVE_LOCATION">e:/01_SoC/04_ZynqLab/ip_repo/myFND_1.0</xilinx:tag>
        <xilinx:tag xilinx:name="ui.data.coregen.dd@707986c2_ARCHIVE_LOCATION">e:/01_SoC/04_ZynqLab/ip_repo/myFND_1.0</xilinx:tag>
        <xilinx:tag xilinx:name="ui.data.coregen.dd@8dd63e3_ARCHIVE_LOCATION">e:/01_SoC/04_ZynqLab/ip_repo/myFND_1.0</xilinx:tag>
        <xilinx:tag xilinx:name="ui.data.coregen.dd@6953b58b_ARCHIVE_LOCATION">e:/01_SoC/04_ZynqLab/ip_repo/myFND_1.0</xilinx:tag>
        <xilinx:tag xilinx:name="ui.data.coregen.dd@5180bf4d_ARCHIVE_LOCATION">e:/01_SoC/04_ZynqLab/ip_repo/myFND_1.0</xilinx:tag>
        <xilinx:tag xilinx:name="ui.data.coregen.dd@b0a8bdb_ARCHIVE_LOCATION">e:/01_SoC/04_ZynqLab/ip_repo/myFND_1.0</xilinx:tag>
        <xilinx:tag xilinx:name="ui.data.coregen.dd@4214bc4a_ARCHIVE_LOCATION">e:/01_SoC/04_ZynqLab/ip_repo/myFND_1.0</xilinx:tag>
        <xilinx:tag xilinx:name="ui.data.coregen.dd@3fce34c9_ARCHIVE_LOCATION">e:/01_SoC/04_ZynqLab/ip_repo/myFND_1.0</xilinx:tag>
        <xilinx:tag xilinx:name="ui.data.coregen.dd@1a8d3876_ARCHIVE_LOCATION">e:/01_SoC/04_ZynqLab/ip_repo/myFND_1.0</xilinx:tag>
        <xilinx:tag xilinx:name="ui.data.coregen.dd@6f2611a_ARCHIVE_LOCATION">e:/01_SoC/04_ZynqLab/ip_repo/myFND_1.0</xilinx:tag>
        <xilinx:tag xilinx:name="ui.data.coregen.dd@2bd182f1_ARCHIVE_LOCATION">e:/01_SoC/04_ZynqLab/ip_repo/myFND_1.0</xilinx:tag>
        <xilinx:tag xilinx:name="ui.data.coregen.dd@3c115fe3_ARCHIVE_LOCATION">e:/01_SoC/04_ZynqLab/ip_repo/myFND_1.0</xilinx:tag>
        <xilinx:tag xilinx:name="ui.data.coregen.dd@78908704_ARCHIVE_LOCATION">e:/01_SoC/04_ZynqLab/ip_repo/myFND_1.0</xilinx:tag>
        <xilinx:tag xilinx:name="ui.data.coregen.dd@4b340557_ARCHIVE_LOCATION">e:/01_SoC/04_ZynqLab/ip_repo/myFND_1.0</xilinx:tag>
        <xilinx:tag xilinx:name="ui.data.coregen.dd@64e121c3_ARCHIVE_LOCATION">e:/01_SoC/04_ZynqLab/ip_repo/myFND_1.0</xilinx:tag>
        <xilinx:tag xilinx:name="ui.data.coregen.dd@86b91a0_ARCHIVE_LOCATION">e:/01_SoC/04_ZynqLab/ip_repo/myFND_1.0</xilinx:tag>
        <xilinx:tag xilinx:name="ui.data.coregen.dd@7b93ab0a_ARCHIVE_LOCATION">e:/01_SoC/04_ZynqLab/ip_repo/myFND_1.0</xilinx:tag>
        <xilinx:tag xilinx:name="ui.data.coregen.dd@42138c8b_ARCHIVE_LOCATION">e:/01_SoC/04_ZynqLab/ip_repo/myFND_1.0</xilinx:tag>
        <xilinx:tag xilinx:name="ui.data.coregen.dd@27cc33f0_ARCHIVE_LOCATION">e:/01_SoC/04_ZynqLab/ip_repo/myFND_1.0</xilinx:tag>
        <xilinx:tag xilinx:name="ui.data.coregen.dd@702ec684_ARCHIVE_LOCATION">e:/01_SoC/04_ZynqLab/ip_repo/myFND_1.0</xilinx:tag>
        <xilinx:tag xilinx:name="ui.data.coregen.dd@17bbf234_ARCHIVE_LOCATION">e:/01_SoC/04_ZynqLab/ip_repo/myFND_1.0</xilinx:tag>
        <xilinx:tag xilinx:name="ui.data.coregen.dd@34e94d77_ARCHIVE_LOCATION">e:/01_SoC/04_ZynqLab/ip_repo/myFND_1.0</xilinx:tag>
        <xilinx:tag xilinx:name="ui.data.coregen.dd@a3d2045_ARCHIVE_LOCATION">e:/01_SoC/04_ZynqLab/ip_repo/myFND_1.0</xilinx:tag>
        <xilinx:tag xilinx:name="ui.data.coregen.dd@56aa4f9_ARCHIVE_LOCATION">e:/01_SoC/04_ZynqLab/ip_repo/myFND_1.0</xilinx:tag>
        <xilinx:tag xilinx:name="ui.data.coregen.dd@44c0be7b_ARCHIVE_LOCATION">e:/01_SoC/04_ZynqLab/ip_repo/myFND_1.0</xilinx:tag>
        <xilinx:tag xilinx:name="ui.data.coregen.dd@74294778_ARCHIVE_LOCATION">e:/01_SoC/04_ZynqLab/ip_repo/myFND_1.0</xilinx:tag>
        <xilinx:tag xilinx:name="ui.data.coregen.dd@244b17ba_ARCHIVE_LOCATION">e:/01_SoC/04_ZynqLab/ip_repo/myFND_1.0</xilinx:tag>
        <xilinx:tag xilinx:name="ui.data.coregen.dd@75f4e572_ARCHIVE_LOCATION">e:/01_SoC/04_ZynqLab/ip_repo/myFND_1.0</xilinx:tag>
        <xilinx:tag xilinx:name="ui.data.coregen.dd@4874c2a3_ARCHIVE_LOCATION">e:/01_SoC/04_ZynqLab/ip_repo/myFND_1.0</xilinx:tag>
        <xilinx:tag xilinx:name="ui.data.coregen.dd@3cd61d74_ARCHIVE_LOCATION">e:/01_SoC/04_ZynqLab/ip_repo/myFND_1.0</xilinx:tag>
        <xilinx:tag xilinx:name="ui.data.coregen.dd@68b817b5_ARCHIVE_LOCATION">e:/01_SoC/04_ZynqLab/ip_repo/myFND_1.0</xilinx:tag>
        <xilinx:tag xilinx:name="ui.data.coregen.dd@2ec2b90_ARCHIVE_LOCATION">e:/01_SoC/04_ZynqLab/ip_repo/myFND_1.0</xilinx:tag>
        <xilinx:tag xilinx:name="ui.data.coregen.dd@784d5ba7_ARCHIVE_LOCATION">e:/01_SoC/04_ZynqLab/ip_repo/myFND_1.0</xilinx:tag>
        <xilinx:tag xilinx:name="ui.data.coregen.dd@e397e5b_ARCHIVE_LOCATION">e:/01_SoC/04_ZynqLab/ip_repo/myFND_1.0</xilinx:tag>
        <xilinx:tag xilinx:name="ui.data.coregen.dd@51c5cec0_ARCHIVE_LOCATION">e:/01_SoC/04_ZynqLab/ip_repo/myFND_1.0</xilinx:tag>
        <xilinx:tag xilinx:name="ui.data.coregen.dd@36506580_ARCHIVE_LOCATION">e:/01_SoC/04_ZynqLab/ip_repo/myFND_1.0</xilinx:tag>
        <xilinx:tag xilinx:name="ui.data.coregen.dd@1e173d6a_ARCHIVE_LOCATION">e:/01_SoC/04_ZynqLab/ip_repo/myFND_1.0</xilinx:tag>
        <xilinx:tag xilinx:name="ui.data.coregen.dd@bab517f_ARCHIVE_LOCATION">e:/01_SoC/04_ZynqLab/ip_repo/myFND_1.0</xilinx:tag>
        <xilinx:tag xilinx:name="ui.data.coregen.dd@16a83716_ARCHIVE_LOCATION">e:/01_SoC/04_ZynqLab/ip_repo/myFND_1.0</xilinx:tag>
        <xilinx:tag xilinx:name="ui.data.coregen.dd@40679e67_ARCHIVE_LOCATION">e:/01_SoC/04_ZynqLab/ip_repo/myFND_1.0</xilinx:tag>
        <xilinx:tag xilinx:name="ui.data.coregen.dd@1fec9e9d_ARCHIVE_LOCATION">e:/01_SoC/04_ZynqLab/ip_repo/myFND_1.0</xilinx:tag>
        <xilinx:tag xilinx:name="ui.data.coregen.dd@1c45807e_ARCHIVE_LOCATION">e:/01_SoC/04_ZynqLab/ip_repo/myFND_1.0</xilinx:tag>
        <xilinx:tag xilinx:name="ui.data.coregen.dd@543b720_ARCHIVE_LOCATION">e:/01_SoC/04_ZynqLab/ip_repo/myFND_1.0</xilinx:tag>
        <xilinx:tag xilinx:name="ui.data.coregen.dd@1be72150_ARCHIVE_LOCATION">e:/01_SoC/04_ZynqLab/ip_repo/myFND_1.0</xilinx:tag>
        <xilinx:tag xilinx:name="ui.data.coregen.dd@2eaf40ee_ARCHIVE_LOCATION">e:/01_SoC/04_ZynqLab/ip_repo/myFND_1.0</xilinx:tag>
        <xilinx:tag xilinx:name="ui.data.coregen.dd@2db4d5fd_ARCHIVE_LOCATION">e:/01_SoC/04_ZynqLab/ip_repo/myFND_1.0</xilinx:tag>
        <xilinx:tag xilinx:name="ui.data.coregen.dd@279886b0_ARCHIVE_LOCATION">e:/01_SoC/04_ZynqLab/ip_repo/myFND_1.0</xilinx:tag>
        <xilinx:tag xilinx:name="ui.data.coregen.dd@640553a6_ARCHIVE_LOCATION">e:/01_SoC/04_ZynqLab/ip_repo/myFND_1.0</xilinx:tag>
        <xilinx:tag xilinx:name="ui.data.coregen.dd@6864ee2f_ARCHIVE_LOCATION">e:/01_SoC/04_ZynqLab/ip_repo/myFND_1.0</xilinx:tag>
        <xilinx:tag xilinx:name="ui.data.coregen.dd@595b3ded_ARCHIVE_LOCATION">e:/01_SoC/04_ZynqLab/ip_repo/myFND_1.0</xilinx:tag>
        <xilinx:tag xilinx:name="ui.data.coregen.dd@7bf692b3_ARCHIVE_LOCATION">e:/01_SoC/04_ZynqLab/ip_repo/myFND_1.0</xilinx:tag>
        <xilinx:tag xilinx:name="ui.data.coregen.dd@7f40991d_ARCHIVE_LOCATION">e:/01_SoC/04_ZynqLab/ip_repo/myFND_1.0</xilinx:tag>
        <xilinx:tag xilinx:name="ui.data.coregen.dd@2ac5d815_ARCHIVE_LOCATION">e:/01_SoC/04_ZynqLab/ip_repo/myFND_1.0</xilinx:tag>
        <xilinx:tag xilinx:name="ui.data.coregen.dd@40dcfcd5_ARCHIVE_LOCATION">e:/01_SoC/04_ZynqLab/ip_repo/myFND_1.0</xilinx:tag>
        <xilinx:tag xilinx:name="ui.data.coregen.dd@18d65029_ARCHIVE_LOCATION">e:/01_SoC/04_ZynqLab/ip_repo/myFND_1.0</xilinx:tag>
        <xilinx:tag xilinx:name="ui.data.coregen.dd@7140607d_ARCHIVE_LOCATION">e:/01_SoC/04_ZynqLab/ip_repo/myFND_1.0</xilinx:tag>
        <xilinx:tag xilinx:name="ui.data.coregen.dd@e4cdad3_ARCHIVE_LOCATION">e:/01_SoC/04_ZynqLab/ip_repo/myFND_1.0</xilinx:tag>
        <xilinx:tag xilinx:name="ui.data.coregen.dd@5b4ac373_ARCHIVE_LOCATION">e:/01_SoC/04_ZynqLab/ip_repo/myFND_1.0</xilinx:tag>
        <xilinx:tag xilinx:name="ui.data.coregen.dd@37175fba_ARCHIVE_LOCATION">e:/01_SoC/04_ZynqLab/ip_repo/myFND_1.0</xilinx:tag>
        <xilinx:tag xilinx:name="ui.data.coregen.dd@11ff7b5e_ARCHIVE_LOCATION">e:/01_SoC/04_ZynqLab/ip_repo/myFND_1.0</xilinx:tag>
        <xilinx:tag xilinx:name="ui.data.coregen.dd@64584017_ARCHIVE_LOCATION">e:/01_SoC/04_ZynqLab/ip_repo/myFND_1.0</xilinx:tag>
        <xilinx:tag xilinx:name="ui.data.coregen.dd@6b31a2dd_ARCHIVE_LOCATION">e:/01_SoC/04_ZynqLab/ip_repo/myFND_1.0</xilinx:tag>
        <xilinx:tag xilinx:name="ui.data.coregen.dd@33db6186_ARCHIVE_LOCATION">e:/01_SoC/04_ZynqLab/ip_repo/myFND_1.0</xilinx:tag>
        <xilinx:tag xilinx:name="ui.data.coregen.dd@47f80f62_ARCHIVE_LOCATION">e:/01_SoC/04_ZynqLab/ip_repo/myFND_1.0</xilinx:tag>
        <xilinx:tag xilinx:name="ui.data.coregen.dd@32958f8_ARCHIVE_LOCATION">e:/01_SoC/04_ZynqLab/ip_repo/myFND_1.0</xilinx:tag>
        <xilinx:tag xilinx:name="ui.data.coregen.dd@470040d5_ARCHIVE_LOCATION">e:/01_SoC/04_ZynqLab/ip_repo/myFND_1.0</xilinx:tag>
        <xilinx:tag xilinx:name="ui.data.coregen.dd@6eb31747_ARCHIVE_LOCATION">e:/01_SoC/04_ZynqLab/ip_repo/myFND_1.0</xilinx:tag>
        <xilinx:tag xilinx:name="ui.data.coregen.dd@61900dbc_ARCHIVE_LOCATION">e:/01_SoC/04_ZynqLab/ip_repo/myFND_1.0</xilinx:tag>
        <xilinx:tag xilinx:name="ui.data.coregen.dd@f32806c_ARCHIVE_LOCATION">e:/01_SoC/04_ZynqLab/ip_repo/myFND_1.0</xilinx:tag>
        <xilinx:tag xilinx:name="ui.data.coregen.dd@313c7171_ARCHIVE_LOCATION">e:/01_SoC/04_ZynqLab/ip_repo/myFND_1.0</xilinx:tag>
        <xilinx:tag xilinx:name="ui.data.coregen.dd@799e537f_ARCHIVE_LOCATION">e:/01_SoC/04_ZynqLab/ip_repo/myFND_1.0</xilinx:tag>
        <xilinx:tag xilinx:name="ui.data.coregen.dd@644a4056_ARCHIVE_LOCATION">e:/01_SoC/04_ZynqLab/ip_repo/myFND_1.0</xilinx:tag>
        <xilinx:tag xilinx:name="ui.data.coregen.dd@2ccda6de_ARCHIVE_LOCATION">e:/01_SoC/04_ZynqLab/ip_repo/myFND_1.0</xilinx:tag>
        <xilinx:tag xilinx:name="ui.data.coregen.dd@37775b1c_ARCHIVE_LOCATION">e:/01_SoC/04_ZynqLab/ip_repo/myFND_1.0</xilinx:tag>
        <xilinx:tag xilinx:name="ui.data.coregen.dd@378a6623_ARCHIVE_LOCATION">e:/01_SoC/04_ZynqLab/ip_repo/myFND_1.0</xilinx:tag>
        <xilinx:tag xilinx:name="ui.data.coregen.dd@1e500d4b_ARCHIVE_LOCATION">e:/01_SoC/04_ZynqLab/ip_repo/myFND_1.0</xilinx:tag>
        <xilinx:tag xilinx:name="ui.data.coregen.dd@7f6df6ff_ARCHIVE_LOCATION">e:/01_SoC/04_ZynqLab/ip_repo/myFND_1.0</xilinx:tag>
        <xilinx:tag xilinx:name="ui.data.coregen.dd@cee056b_ARCHIVE_LOCATION">e:/01_SoC/04_ZynqLab/ip_repo/myFND_1.0</xilinx:tag>
        <xilinx:tag xilinx:name="ui.data.coregen.dd@2db81284_ARCHIVE_LOCATION">e:/01_SoC/04_ZynqLab/ip_repo/myFND_1.0</xilinx:tag>
        <xilinx:tag xilinx:name="ui.data.coregen.dd@63bc2328_ARCHIVE_LOCATION">e:/01_SoC/04_ZynqLab/ip_repo/myFND_1.0</xilinx:tag>
        <xilinx:tag xilinx:name="ui.data.coregen.dd@67e0e295_ARCHIVE_LOCATION">e:/01_SoC/04_ZynqLab/ip_repo/myFND_1.0</xilinx:tag>
        <xilinx:tag xilinx:name="ui.data.coregen.dd@4718b863_ARCHIVE_LOCATION">e:/01_SoC/04_ZynqLab/ip_repo/myFND_1.0</xilinx:tag>
        <xilinx:tag xilinx:name="ui.data.coregen.dd@7b2047bd_ARCHIVE_LOCATION">e:/01_SoC/04_ZynqLab/ip_repo/myFND_1.0</xilinx:tag>
        <xilinx:tag xilinx:name="ui.data.coregen.dd@3551f11f_ARCHIVE_LOCATION">e:/01_SoC/04_ZynqLab/ip_repo/myFND_1.0</xilinx:tag>
        <xilinx:tag xilinx:name="ui.data.coregen.dd@3f4f61d4_ARCHIVE_LOCATION">e:/01_SoC/04_ZynqLab/ip_repo/myFND_1.0</xilinx:tag>
        <xilinx:tag xilinx:name="ui.data.coregen.dd@30e8d701_ARCHIVE_LOCATION">e:/01_SoC/04_ZynqLab/ip_repo/myFND_1.0</xilinx:tag>
        <xilinx:tag xilinx:name="ui.data.coregen.dd@2532660f_ARCHIVE_LOCATION">e:/01_SoC/04_ZynqLab/ip_repo/myFND_1.0</xilinx:tag>
        <xilinx:tag xilinx:name="ui.data.coregen.dd@8bc5d1e_ARCHIVE_LOCATION">e:/01_SoC/04_ZynqLab/ip_repo/myFND_1.0</xilinx:tag>
        <xilinx:tag xilinx:name="ui.data.coregen.dd@94df9f2_ARCHIVE_LOCATION">e:/01_SoC/04_ZynqLab/ip_repo/myFND_1.0</xilinx:tag>
        <xilinx:tag xilinx:name="ui.data.coregen.dd@4e50441d_ARCHIVE_LOCATION">e:/01_SoC/04_ZynqLab/ip_repo/myFND_1.0</xilinx:tag>
        <xilinx:tag xilinx:name="ui.data.coregen.dd@2fe0fa15_ARCHIVE_LOCATION">e:/01_SoC/04_ZynqLab/ip_repo/myFND_1.0</xilinx:tag>
        <xilinx:tag xilinx:name="ui.data.coregen.dd@7f715079_ARCHIVE_LOCATION">e:/01_SoC/04_ZynqLab/ip_repo/myFND_1.0</xilinx:tag>
        <xilinx:tag xilinx:name="ui.data.coregen.dd@7b3a36b0_ARCHIVE_LOCATION">e:/01_SoC/04_ZynqLab/ip_repo/myFND_1.0</xilinx:tag>
        <xilinx:tag xilinx:name="ui.data.coregen.dd@52eb8992_ARCHIVE_LOCATION">e:/01_SoC/04_ZynqLab/ip_repo/myFND_1.0</xilinx:tag>
        <xilinx:tag xilinx:name="ui.data.coregen.dd@6255617d_ARCHIVE_LOCATION">e:/01_SoC/04_ZynqLab/ip_repo/myFND_1.0</xilinx:tag>
        <xilinx:tag xilinx:name="ui.data.coregen.dd@55a62b86_ARCHIVE_LOCATION">e:/01_SoC/04_ZynqLab/ip_repo/myFND_1.0</xilinx:tag>
        <xilinx:tag xilinx:name="ui.data.coregen.dd@10b9968f_ARCHIVE_LOCATION">e:/01_SoC/04_ZynqLab/ip_repo/myFND_1.0</xilinx:tag>
        <xilinx:tag xilinx:name="ui.data.coregen.dd@2181a1ab_ARCHIVE_LOCATION">e:/01_SoC/04_ZynqLab/ip_repo/myFND_1.0</xilinx:tag>
        <xilinx:tag xilinx:name="ui.data.coregen.dd@49f51927_ARCHIVE_LOCATION">e:/01_SoC/04_ZynqLab/ip_repo/myFND_1.0</xilinx:tag>
        <xilinx:tag xilinx:name="ui.data.coregen.dd@38da2c32_ARCHIVE_LOCATION">e:/01_SoC/04_ZynqLab/ip_repo/myFND_1.0</xilinx:tag>
        <xilinx:tag xilinx:name="ui.data.coregen.dd@60a98b6f_ARCHIVE_LOCATION">e:/01_SoC/04_ZynqLab/ip_repo/myFND_1.0</xilinx:tag>
        <xilinx:tag xilinx:name="ui.data.coregen.dd@57dbd7c_ARCHIVE_LOCATION">e:/01_SoC/04_ZynqLab/ip_repo/myFND_1.0</xilinx:tag>
        <xilinx:tag xilinx:name="ui.data.coregen.dd@2e8e7c2a_ARCHIVE_LOCATION">e:/01_SoC/04_ZynqLab/ip_repo/myFND_1.0</xilinx:tag>
        <xilinx:tag xilinx:name="ui.data.coregen.dd@688b52a1_ARCHIVE_LOCATION">e:/01_SoC/04_ZynqLab/ip_repo/myFND_1.0</xilinx:tag>
        <xilinx:tag xilinx:name="ui.data.coregen.dd@438b797c_ARCHIVE_LOCATION">e:/01_SoC/04_ZynqLab/ip_repo/myFND_1.0</xilinx:tag>
        <xilinx:tag xilinx:name="ui.data.coregen.dd@2a504258_ARCHIVE_LOCATION">e:/01_SoC/04_ZynqLab/ip_repo/myFND_1.0</xilinx:tag>
        <xilinx:tag xilinx:name="ui.data.coregen.dd@5563c5f6_ARCHIVE_LOCATION">e:/01_SoC/04_ZynqLab/ip_repo/myFND_1.0</xilinx:tag>
        <xilinx:tag xilinx:name="ui.data.coregen.dd@47676099_ARCHIVE_LOCATION">e:/01_SoC/04_ZynqLab/ip_repo/myFND_1.0</xilinx:tag>
        <xilinx:tag xilinx:name="ui.data.coregen.dd@9e6afe5_ARCHIVE_LOCATION">e:/01_SoC/04_ZynqLab/ip_repo/myFND_1.0</xilinx:tag>
        <xilinx:tag xilinx:name="ui.data.coregen.dd@63a99e54_ARCHIVE_LOCATION">e:/01_SoC/04_ZynqLab/ip_repo/myFND_1.0</xilinx:tag>
        <xilinx:tag xilinx:name="ui.data.coregen.dd@13d8505a_ARCHIVE_LOCATION">e:/01_SoC/04_ZynqLab/ip_repo/myFND_1.0</xilinx:tag>
        <xilinx:tag xilinx:name="ui.data.coregen.dd@46064905_ARCHIVE_LOCATION">e:/01_SoC/04_ZynqLab/ip_repo/myFND_1.0</xilinx:tag>
        <xilinx:tag xilinx:name="ui.data.coregen.dd@62f4dfb3_ARCHIVE_LOCATION">e:/01_SoC/04_ZynqLab/ip_repo/myFND_1.0</xilinx:tag>
        <xilinx:tag xilinx:name="ui.data.coregen.dd@63abfe32_ARCHIVE_LOCATION">e:/01_SoC/04_ZynqLab/ip_repo/myFND_1.0</xilinx:tag>
        <xilinx:tag xilinx:name="ui.data.coregen.dd@7de9f868_ARCHIVE_LOCATION">e:/01_SoC/04_ZynqLab/ip_repo/myFND_1.0</xilinx:tag>
        <xilinx:tag xilinx:name="ui.data.coregen.dd@3fad768e_ARCHIVE_LOCATION">e:/01_SoC/04_ZynqLab/ip_repo/myFND_1.0</xilinx:tag>
        <xilinx:tag xilinx:name="ui.data.coregen.dd@1a7e2e9b_ARCHIVE_LOCATION">e:/01_SoC/04_ZynqLab/ip_repo/myFND_1.0</xilinx:tag>
        <xilinx:tag xilinx:name="ui.data.coregen.dd@63e2ebd5_ARCHIVE_LOCATION">e:/01_SoC/04_ZynqLab/ip_repo/myFND_1.0</xilinx:tag>
        <xilinx:tag xilinx:name="ui.data.coregen.dd@7e0b88df_ARCHIVE_LOCATION">e:/01_SoC/04_ZynqLab/ip_repo/myFND_1.0</xilinx:tag>
        <xilinx:tag xilinx:name="ui.data.coregen.dd@41c64309_ARCHIVE_LOCATION">e:/01_SoC/04_ZynqLab/ip_repo/myFND_1.0</xilinx:tag>
        <xilinx:tag xilinx:name="ui.data.coregen.dd@924c3bc_ARCHIVE_LOCATION">e:/01_SoC/04_ZynqLab/ip_repo/myFND_1.0</xilinx:tag>
        <xilinx:tag xilinx:name="ui.data.coregen.dd@6f8281d3_ARCHIVE_LOCATION">e:/01_SoC/04_ZynqLab/ip_repo/myFND_1.0</xilinx:tag>
        <xilinx:tag xilinx:name="ui.data.coregen.dd@1f5cfef4_ARCHIVE_LOCATION">e:/01_SoC/04_ZynqLab/ip_repo/myFND_1.0</xilinx:tag>
        <xilinx:tag xilinx:name="ui.data.coregen.dd@12c9b996_ARCHIVE_LOCATION">e:/01_SoC/04_ZynqLab/ip_repo/myFND_1.0</xilinx:tag>
        <xilinx:tag xilinx:name="ui.data.coregen.dd@d005144_ARCHIVE_LOCATION">e:/01_SoC/04_ZynqLab/ip_repo/myFND_1.0</xilinx:tag>
        <xilinx:tag xilinx:name="ui.data.coregen.dd@7069e004_ARCHIVE_LOCATION">e:/01_SoC/04_ZynqLab/ip_repo/myFND_1.0</xilinx:tag>
        <xilinx:tag xilinx:name="ui.data.coregen.dd@6c58b1fb_ARCHIVE_LOCATION">e:/01_SoC/04_ZynqLab/ip_repo/myFND_1.0</xilinx:tag>
        <xilinx:tag xilinx:name="ui.data.coregen.dd@2937ae5f_ARCHIVE_LOCATION">e:/01_SoC/04_ZynqLab/ip_repo/myFND_1.0</xilinx:tag>
        <xilinx:tag xilinx:name="ui.data.coregen.dd@b9e66fe_ARCHIVE_LOCATION">e:/01_SoC/04_ZynqLab/ip_repo/myFND_1.0</xilinx:tag>
        <xilinx:tag xilinx:name="ui.data.coregen.dd@62c4c983_ARCHIVE_LOCATION">e:/01_SoC/04_ZynqLab/ip_repo/myFND_1.0</xilinx:tag>
        <xilinx:tag xilinx:name="ui.data.coregen.dd@66b14121_ARCHIVE_LOCATION">e:/01_SoC/04_ZynqLab/ip_repo/myFND_1.0</xilinx:tag>
        <xilinx:tag xilinx:name="ui.data.coregen.dd@38ca7536_ARCHIVE_LOCATION">e:/01_SoC/04_ZynqLab/ip_repo/myFND_1.0</xilinx:tag>
        <xilinx:tag xilinx:name="ui.data.coregen.dd@947511a_ARCHIVE_LOCATION">e:/01_SoC/04_ZynqLab/ip_repo/myFND_1.0</xilinx:tag>
        <xilinx:tag xilinx:name="ui.data.coregen.dd@1b850846_ARCHIVE_LOCATION">e:/01_SoC/04_ZynqLab/ip_repo/myFND_1.0</xilinx:tag>
        <xilinx:tag xilinx:name="ui.data.coregen.dd@46cf1383_ARCHIVE_LOCATION">e:/01_SoC/04_ZynqLab/ip_repo/myFND_1.0</xilinx:tag>
        <xilinx:tag xilinx:name="ui.data.coregen.dd@690976f_ARCHIVE_LOCATION">e:/01_SoC/04_ZynqLab/ip_repo/myFND_1.0</xilinx:tag>
        <xilinx:tag xilinx:name="ui.data.coregen.dd@50c67b30_ARCHIVE_LOCATION">e:/01_SoC/04_ZynqLab/ip_repo/myFND_1.0</xilinx:tag>
        <xilinx:tag xilinx:name="ui.data.coregen.dd@730006d3_ARCHIVE_LOCATION">e:/01_SoC/04_ZynqLab/ip_repo/myFND_1.0</xilinx:tag>
        <xilinx:tag xilinx:name="ui.data.coregen.dd@2f4398da_ARCHIVE_LOCATION">e:/01_SoC/04_ZynqLab/ip_repo/myFND_1.0</xilinx:tag>
        <xilinx:tag xilinx:name="ui.data.coregen.dd@17647c81_ARCHIVE_LOCATION">e:/01_SoC/04_ZynqLab/ip_repo/myFND_1.0</xilinx:tag>
        <xilinx:tag xilinx:name="ui.data.coregen.dd@34510eee_ARCHIVE_LOCATION">e:/01_SoC/04_ZynqLab/ip_repo/myFND_1.0</xilinx:tag>
        <xilinx:tag xilinx:name="ui.data.coregen.dd@33126f63_ARCHIVE_LOCATION">e:/01_SoC/04_ZynqLab/ip_repo/myFND_1.0</xilinx:tag>
        <xilinx:tag xilinx:name="ui.data.coregen.dd@5b2c2c0e_ARCHIVE_LOCATION">e:/01_SoC/04_ZynqLab/ip_repo/myFND_1.0</xilinx:tag>
        <xilinx:tag xilinx:name="ui.data.coregen.dd@34b8b721_ARCHIVE_LOCATION">e:/01_SoC/04_ZynqLab/ip_repo/myFND_1.0</xilinx:tag>
        <xilinx:tag xilinx:name="ui.data.coregen.dd@70b0c2f9_ARCHIVE_LOCATION">e:/01_SoC/04_ZynqLab/ip_repo/myFND_1.0</xilinx:tag>
        <xilinx:tag xilinx:name="ui.data.coregen.dd@3d4825aa_ARCHIVE_LOCATION">e:/01_SoC/04_ZynqLab/ip_repo/myFND_1.0</xilinx:tag>
        <xilinx:tag xilinx:name="ui.data.coregen.dd@30b2a44_ARCHIVE_LOCATION">e:/01_SoC/04_ZynqLab/ip_repo/myFND_1.0</xilinx:tag>
        <xilinx:tag xilinx:name="ui.data.coregen.dd@5036ff81_ARCHIVE_LOCATION">e:/01_SoC/04_ZynqLab/ip_repo/myFND_1.0</xilinx:tag>
        <xilinx:tag xilinx:name="ui.data.coregen.dd@1d432db1_ARCHIVE_LOCATION">e:/01_SoC/04_ZynqLab/ip_repo/myFND_1.0</xilinx:tag>
        <xilinx:tag xilinx:name="ui.data.coregen.dd@cba3f2e_ARCHIVE_LOCATION">e:/01_SoC/04_ZynqLab/ip_repo/myFND_1.0</xilinx:tag>
        <xilinx:tag xilinx:name="ui.data.coregen.dd@4367b1d4_ARCHIVE_LOCATION">e:/01_SoC/04_ZynqLab/ip_repo/myFND_1.0</xilinx:tag>
        <xilinx:tag xilinx:name="ui.data.coregen.dd@54814802_ARCHIVE_LOCATION">e:/01_SoC/04_ZynqLab/ip_repo/myFND_1.0</xilinx:tag>
        <xilinx:tag xilinx:name="ui.data.coregen.dd@7c3dfa0c_ARCHIVE_LOCATION">e:/01_SoC/04_ZynqLab/ip_repo/myFND_1.0</xilinx:tag>
        <xilinx:tag xilinx:name="ui.data.coregen.dd@513f74c7_ARCHIVE_LOCATION">e:/01_SoC/04_ZynqLab/ip_repo/myFND_1.0</xilinx:tag>
        <xilinx:tag xilinx:name="ui.data.coregen.dd@4386d2f6_ARCHIVE_LOCATION">e:/01_SoC/04_ZynqLab/ip_repo/myFND_1.0</xilinx:tag>
        <xilinx:tag xilinx:name="ui.data.coregen.dd@1f3e5aed_ARCHIVE_LOCATION">e:/01_SoC/04_ZynqLab/ip_repo/myFND_1.0</xilinx:tag>
        <xilinx:tag xilinx:name="ui.data.coregen.dd@ca94a31_ARCHIVE_LOCATION">e:/01_SoC/04_ZynqLab/ip_repo/myFND_1.0</xilinx:tag>
        <xilinx:tag xilinx:name="ui.data.coregen.dd@7bca3892_ARCHIVE_LOCATION">e:/01_SoC/04_ZynqLab/ip_repo/myFND_1.0</xilinx:tag>
        <xilinx:tag xilinx:name="ui.data.coregen.dd@3b2682_ARCHIVE_LOCATION">e:/01_SoC/04_ZynqLab/ip_repo/myFND_1.0</xilinx:tag>
        <xilinx:tag xilinx:name="ui.data.coregen.dd@18fff406_ARCHIVE_LOCATION">e:/01_SoC/04_ZynqLab/ip_repo/myFND_1.0</xilinx:tag>
        <xilinx:tag xilinx:name="ui.data.coregen.dd@3f7ae6a0_ARCHIVE_LOCATION">e:/01_SoC/04_ZynqLab/ip_repo/myFND_1.0</xilinx:tag>
        <xilinx:tag xilinx:name="ui.data.coregen.dd@51cdc8bb_ARCHIVE_LOCATION">e:/01_SoC/04_ZynqLab/ip_repo/myFND_1.0</xilinx:tag>
        <xilinx:tag xilinx:name="ui.data.coregen.dd@5b1c6f24_ARCHIVE_LOCATION">e:/01_SoC/04_ZynqLab/ip_repo/myFND_1.0</xilinx:tag>
        <xilinx:tag xilinx:name="ui.data.coregen.dd@545a9cff_ARCHIVE_LOCATION">e:/01_SoC/04_ZynqLab/ip_repo/myFND_1.0</xilinx:tag>
        <xilinx:tag xilinx:name="ui.data.coregen.dd@e2e6f4a_ARCHIVE_LOCATION">e:/01_SoC/04_ZynqLab/ip_repo/myFND_1.0</xilinx:tag>
        <xilinx:tag xilinx:name="ui.data.coregen.dd@22b27152_ARCHIVE_LOCATION">e:/01_SoC/04_ZynqLab/ip_repo/myFND_1.0</xilinx:tag>
        <xilinx:tag xilinx:name="ui.data.coregen.dd@2b7bb75e_ARCHIVE_LOCATION">e:/01_SoC/04_ZynqLab/ip_repo/myFND_1.0</xilinx:tag>
        <xilinx:tag xilinx:name="ui.data.coregen.dd@510e3f5c_ARCHIVE_LOCATION">e:/01_SoC/04_ZynqLab/ip_repo/myFND_1.0</xilinx:tag>
        <xilinx:tag xilinx:name="ui.data.coregen.dd@64f41c27_ARCHIVE_LOCATION">e:/01_SoC/04_ZynqLab/ip_repo/myFND_1.0</xilinx:tag>
        <xilinx:tag xilinx:name="ui.data.coregen.dd@5e049664_ARCHIVE_LOCATION">e:/01_SoC/04_ZynqLab/ip_repo/myFND_1.0</xilinx:tag>
        <xilinx:tag xilinx:name="ui.data.coregen.dd@2351b366_ARCHIVE_LOCATION">e:/01_SoC/04_ZynqLab/ip_repo/myFND_1.0</xilinx:tag>
        <xilinx:tag xilinx:name="ui.data.coregen.dd@7a54f80a_ARCHIVE_LOCATION">e:/01_SoC/04_ZynqLab/ip_repo/myFND_1.0</xilinx:tag>
        <xilinx:tag xilinx:name="ui.data.coregen.dd@3264307c_ARCHIVE_LOCATION">e:/01_SoC/04_ZynqLab/ip_repo/myFND_1.0</xilinx:tag>
        <xilinx:tag xilinx:name="ui.data.coregen.dd@514313ba_ARCHIVE_LOCATION">e:/01_SoC/04_ZynqLab/ip_repo/myFND_1.0</xilinx:tag>
        <xilinx:tag xilinx:name="ui.data.coregen.dd@10e30315_ARCHIVE_LOCATION">e:/01_SoC/04_ZynqLab/ip_repo/myFND_1.0</xilinx:tag>
        <xilinx:tag xilinx:name="ui.data.coregen.dd@1082c95a_ARCHIVE_LOCATION">e:/01_SoC/04_ZynqLab/ip_repo/myFND_1.0</xilinx:tag>
        <xilinx:tag xilinx:name="ui.data.coregen.dd@19c18af_ARCHIVE_LOCATION">e:/01_SoC/04_ZynqLab/ip_repo/myFND_1.0</xilinx:tag>
        <xilinx:tag xilinx:name="ui.data.coregen.dd@2224cd48_ARCHIVE_LOCATION">e:/01_SoC/04_ZynqLab/ip_repo/myFND_1.0</xilinx:tag>
        <xilinx:tag xilinx:name="ui.data.coregen.dd@5e1717a2_ARCHIVE_LOCATION">e:/01_SoC/04_ZynqLab/ip_repo/myFND_1.0</xilinx:tag>
        <xilinx:tag xilinx:name="ui.data.coregen.dd@7d88831_ARCHIVE_LOCATION">e:/01_SoC/04_ZynqLab/ip_repo/myFND_1.0</xilinx:tag>
        <xilinx:tag xilinx:name="ui.data.coregen.dd@4e7eaaf9_ARCHIVE_LOCATION">e:/01_SoC/04_ZynqLab/ip_repo/myFND_1.0</xilinx:tag>
        <xilinx:tag xilinx:name="ui.data.coregen.dd@5056522f_ARCHIVE_LOCATION">e:/01_SoC/04_ZynqLab/ip_repo/myFND_1.0</xilinx:tag>
        <xilinx:tag xilinx:name="ui.data.coregen.dd@55463fbb_ARCHIVE_LOCATION">e:/01_SoC/04_ZynqLab/ip_repo/myFND_1.0</xilinx:tag>
        <xilinx:tag xilinx:name="ui.data.coregen.dd@265e7382_ARCHIVE_LOCATION">e:/01_SoC/04_ZynqLab/ip_repo/myFND_1.0</xilinx:tag>
        <xilinx:tag xilinx:name="ui.data.coregen.dd@49da2c37_ARCHIVE_LOCATION">e:/01_SoC/04_ZynqLab/ip_repo/myFND_1.0</xilinx:tag>
        <xilinx:tag xilinx:name="ui.data.coregen.dd@2e683da5_ARCHIVE_LOCATION">e:/01_SoC/04_ZynqLab/ip_repo/myFND_1.0</xilinx:tag>
        <xilinx:tag xilinx:name="ui.data.coregen.dd@7026a12_ARCHIVE_LOCATION">e:/01_SoC/04_ZynqLab/ip_repo/myFND_1.0</xilinx:tag>
        <xilinx:tag xilinx:name="ui.data.coregen.dd@49ecc867_ARCHIVE_LOCATION">e:/01_SoC/04_ZynqLab/ip_repo/myFND_1.0</xilinx:tag>
        <xilinx:tag xilinx:name="ui.data.coregen.dd@168c45fc_ARCHIVE_LOCATION">e:/01_SoC/04_ZynqLab/ip_repo/myFND_1.0</xilinx:tag>
        <xilinx:tag xilinx:name="ui.data.coregen.dd@30021e77_ARCHIVE_LOCATION">e:/01_SoC/04_ZynqLab/ip_repo/myFND_1.0</xilinx:tag>
        <xilinx:tag xilinx:name="ui.data.coregen.dd@3418723_ARCHIVE_LOCATION">e:/01_SoC/04_ZynqLab/ip_repo/myFND_1.0</xilinx:tag>
        <xilinx:tag xilinx:name="ui.data.coregen.dd@17bbf68_ARCHIVE_LOCATION">e:/01_SoC/04_ZynqLab/ip_repo/myFND_1.0</xilinx:tag>
        <xilinx:tag xilinx:name="ui.data.coregen.dd@56386477_ARCHIVE_LOCATION">e:/01_SoC/04_ZynqLab/ip_repo/myFND_1.0</xilinx:tag>
        <xilinx:tag xilinx:name="ui.data.coregen.dd@2cc6d6b8_ARCHIVE_LOCATION">e:/01_SoC/04_ZynqLab/ip_repo/myFND_1.0</xilinx:tag>
        <xilinx:tag xilinx:name="ui.data.coregen.dd@4ceeb7a1_ARCHIVE_LOCATION">e:/01_SoC/04_ZynqLab/ip_repo/myFND_1.0</xilinx:tag>
        <xilinx:tag xilinx:name="ui.data.coregen.dd@1b39227c_ARCHIVE_LOCATION">e:/01_SoC/04_ZynqLab/ip_repo/myFND_1.0</xilinx:tag>
        <xilinx:tag xilinx:name="ui.data.coregen.dd@58981c94_ARCHIVE_LOCATION">e:/01_SoC/04_ZynqLab/ip_repo/myFND_1.0</xilinx:tag>
        <xilinx:tag xilinx:name="ui.data.coregen.dd@64c9cc3a_ARCHIVE_LOCATION">e:/01_SoC/04_ZynqLab/ip_repo/myFND_1.0</xilinx:tag>
        <xilinx:tag xilinx:name="ui.data.coregen.dd@516d475a_ARCHIVE_LOCATION">e:/01_SoC/04_ZynqLab/ip_repo/myFND_1.0</xilinx:tag>
        <xilinx:tag xilinx:name="ui.data.coregen.dd@5ef02147_ARCHIVE_LOCATION">e:/01_SoC/04_ZynqLab/ip_repo/myFND_1.0</xilinx:tag>
      </xilinx:tags>
    </xilinx:coreExtensions>
    <xilinx:packagingInfo>
      <xilinx:xilinxVersion>2019.1</xilinx:xilinxVersion>
      <xilinx:checksum xilinx:scope="busInterfaces" xilinx:value="7a63f3fc"/>
      <xilinx:checksum xilinx:scope="memoryMaps" xilinx:value="ed1368d5"/>
      <xilinx:checksum xilinx:scope="fileGroups" xilinx:value="933d785a"/>
      <xilinx:checksum xilinx:scope="ports" xilinx:value="4d48845d"/>
      <xilinx:checksum xilinx:scope="hdlParameters" xilinx:value="6992ea72"/>
      <xilinx:checksum xilinx:scope="parameters" xilinx:value="bf2668c4"/>
    </xilinx:packagingInfo>
  </spirit:vendorExtensions>
</spirit:component>
